   Compiling pong-core v0.1.0 (D:\pong)
    Finished `test` profile [unoptimized + debuginfo] target(s) in 1.01s
     Running tests\property_recovery_migration.rs (target\windows-stable-pt14-trace-2026-08-27\debug\deps\property_recovery_migration-232da1aaf019057e.exe)

running 1 test
{"code":"FAULT_INJECTED","expected_selector_committed":false,"failpoint":"Preflight","operation":"migration","raw_os_error":null,"record":"pt14-failpoint","stage":"Preflight"}
{"attempts":1,"failures":[],"operation":"cold_open_after_failpoint/Preflight","record":"pt14-retry","result":"success"}
{"active_generation":false,"failpoint":"Preflight","old_or_new_only":true,"operation":"repository_open","record":"pt14-cold-reopen","stage":"cold_open_after_failpoint/Preflight"}
{"attempts":1,"failures":[],"operation":"migration_retry_after_failpoint/Preflight","record":"pt14-retry","result":"success"}
{"attempts":1,"failures":[],"operation":"cold_open_after_first_retry/Preflight","record":"pt14-retry","result":"success"}
{"attempts":1,"failures":[],"operation":"migration_second_retry/Preflight","record":"pt14-retry","result":"success"}
{"attempts":1,"failures":[],"operation":"final_cold_open/Preflight","record":"pt14-retry","result":"success"}
{"active_generation":true,"failpoint":"Preflight","old_or_new_only":true,"operation":"repository_open","record":"pt14-final-cold-reopen","selector_manifest_identity":"verified","stage":"final_cold_open/Preflight"}
{"code":"FAULT_INJECTED","expected_selector_committed":false,"failpoint":"Preflight","operation":"migration","raw_os_error":null,"record":"pt14-failpoint","stage":"Preflight"}
{"attempts":1,"failures":[],"operation":"cold_open_after_failpoint/Preflight","record":"pt14-retry","result":"success"}
{"active_generation":false,"failpoint":"Preflight","old_or_new_only":true,"operation":"repository_open","record":"pt14-cold-reopen","stage":"cold_open_after_failpoint/Preflight"}
{"attempts":1,"failures":[],"operation":"migration_retry_after_failpoint/Preflight","record":"pt14-retry","result":"success"}
{"attempts":1,"failures":[],"operation":"cold_open_after_first_retry/Preflight","record":"pt14-retry","result":"success"}
{"attempts":1,"failures":[],"operation":"migration_second_retry/Preflight","record":"pt14-retry","result":"success"}
{"attempts":1,"failures":[],"operation":"final_cold_open/Preflight","record":"pt14-retry","result":"success"}
{"active_generation":true,"failpoint":"Preflight","old_or_new_only":true,"operation":"repository_open","record":"pt14-final-cold-reopen","selector_manifest_identity":"verified","stage":"final_cold_open/Preflight"}
{"code":"FAULT_INJECTED","expected_selector_committed":false,"failpoint":"Preflight","operation":"migration","raw_os_error":null,"record":"pt14-failpoint","stage":"Preflight"}
{"attempts":1,"failures":[],"operation":"cold_open_after_failpoint/Preflight","record":"pt14-retry","result":"success"}
{"active_generation":false,"failpoint":"Preflight","old_or_new_only":true,"operation":"repository_open","record":"pt14-cold-reopen","stage":"cold_open_after_failpoint/Preflight"}
{"attempts":1,"failures":[],"operation":"migration_retry_after_failpoint/Preflight","record":"pt14-retry","result":"success"}
{"attempts":1,"failures":[],"operation":"cold_open_after_first_retry/Preflight","record":"pt14-retry","result":"success"}
{"attempts":1,"failures":[],"operation":"migration_second_retry/Preflight","record":"pt14-retry","result":"success"}
{"attempts":1,"failures":[],"operation":"final_cold_open/Preflight","record":"pt14-retry","result":"success"}
{"active_generation":true,"failpoint":"Preflight","old_or_new_only":true,"operation":"repository_open","record":"pt14-final-cold-reopen","selector_manifest_identity":"verified","stage":"final_cold_open/Preflight"}
{"code":"FAULT_INJECTED","expected_selector_committed":false,"failpoint":"Preflight","operation":"migration","raw_os_error":null,"record":"pt14-failpoint","stage":"Preflight"}
{"attempts":1,"failures":[],"operation":"cold_open_after_failpoint/Preflight","record":"pt14-retry","result":"success"}
{"active_generation":false,"failpoint":"Preflight","old_or_new_only":true,"operation":"repository_open","record":"pt14-cold-reopen","stage":"cold_open_after_failpoint/Preflight"}
{"attempts":1,"failures":[],"operation":"migration_retry_after_failpoint/Preflight","record":"pt14-retry","result":"success"}
{"attempts":1,"failures":[],"operation":"cold_open_after_first_retry/Preflight","record":"pt14-retry","result":"success"}
{"attempts":1,"failures":[],"operation":"migration_second_retry/Preflight","record":"pt14-retry","result":"success"}
{"attempts":1,"failures":[],"operation":"final_cold_open/Preflight","record":"pt14-retry","result":"success"}
{"active_generation":true,"failpoint":"Preflight","old_or_new_only":true,"operation":"repository_open","record":"pt14-final-cold-reopen","selector_manifest_identity":"verified","stage":"final_cold_open/Preflight"}
{"code":"FAULT_INJECTED","expected_selector_committed":false,"failpoint":"Preflight","operation":"migration","raw_os_error":null,"record":"pt14-failpoint","stage":"Preflight"}
{"attempts":1,"failures":[],"operation":"cold_open_after_failpoint/Preflight","record":"pt14-retry","result":"success"}
{"active_generation":false,"failpoint":"Preflight","old_or_new_only":true,"operation":"repository_open","record":"pt14-cold-reopen","stage":"cold_open_after_failpoint/Preflight"}
{"attempts":1,"failures":[],"operation":"migration_retry_after_failpoint/Preflight","record":"pt14-retry","result":"success"}
{"attempts":1,"failures":[],"operation":"cold_open_after_first_retry/Preflight","record":"pt14-retry","result":"success"}
{"attempts":1,"failures":[],"operation":"migration_second_retry/Preflight","record":"pt14-retry","result":"success"}
{"attempts":1,"failures":[],"operation":"final_cold_open/Preflight","record":"pt14-retry","result":"success"}
{"active_generation":true,"failpoint":"Preflight","old_or_new_only":true,"operation":"repository_open","record":"pt14-final-cold-reopen","selector_manifest_identity":"verified","stage":"final_cold_open/Preflight"}
{"code":"FAULT_INJECTED","expected_selector_committed":false,"failpoint":"Preflight","operation":"migration","raw_os_error":null,"record":"pt14-failpoint","stage":"Preflight"}
{"attempts":1,"failures":[],"operation":"cold_open_after_failpoint/Preflight","record":"pt14-retry","result":"success"}
{"active_generation":false,"failpoint":"Preflight","old_or_new_only":true,"operation":"repository_open","record":"pt14-cold-reopen","stage":"cold_open_after_failpoint/Preflight"}
{"attempts":1,"failures":[],"operation":"migration_retry_after_failpoint/Preflight","record":"pt14-retry","result":"success"}
{"attempts":1,"failures":[],"operation":"cold_open_after_first_retry/Preflight","record":"pt14-retry","result":"success"}
{"attempts":1,"failures":[],"operation":"migration_second_retry/Preflight","record":"pt14-retry","result":"success"}
{"attempts":1,"failures":[],"operation":"final_cold_open/Preflight","record":"pt14-retry","result":"success"}
{"active_generation":true,"failpoint":"Preflight","old_or_new_only":true,"operation":"repository_open","record":"pt14-final-cold-reopen","selector_manifest_identity":"verified","stage":"final_cold_open/Preflight"}
{"code":"FAULT_INJECTED","expected_selector_committed":false,"failpoint":"Preflight","operation":"migration","raw_os_error":null,"record":"pt14-failpoint","stage":"Preflight"}
{"attempts":1,"failures":[],"operation":"cold_open_after_failpoint/Preflight","record":"pt14-retry","result":"success"}
{"active_generation":false,"failpoint":"Preflight","old_or_new_only":true,"operation":"repository_open","record":"pt14-cold-reopen","stage":"cold_open_after_failpoint/Preflight"}
{"attempts":1,"failures":[],"operation":"migration_retry_after_failpoint/Preflight","record":"pt14-retry","result":"success"}
{"attempts":1,"failures":[],"operation":"cold_open_after_first_retry/Preflight","record":"pt14-retry","result":"success"}
{"attempts":1,"failures":[],"operation":"migration_second_retry/Preflight","record":"pt14-retry","result":"success"}
{"attempts":1,"failures":[],"operation":"final_cold_open/Preflight","record":"pt14-retry","result":"success"}
{"active_generation":true,"failpoint":"Preflight","old_or_new_only":true,"operation":"repository_open","record":"pt14-final-cold-reopen","selector_manifest_identity":"verified","stage":"final_cold_open/Preflight"}
{"code":"FAULT_INJECTED","expected_selector_committed":false,"failpoint":"Preflight","operation":"migration","raw_os_error":null,"record":"pt14-failpoint","stage":"Preflight"}
{"attempts":1,"failures":[],"operation":"cold_open_after_failpoint/Preflight","record":"pt14-retry","result":"success"}
{"active_generation":false,"failpoint":"Preflight","old_or_new_only":true,"operation":"repository_open","record":"pt14-cold-reopen","stage":"cold_open_after_failpoint/Preflight"}
{"attempts":1,"failures":[],"operation":"migration_retry_after_failpoint/Preflight","record":"pt14-retry","result":"success"}
{"attempts":1,"failures":[],"operation":"cold_open_after_first_retry/Preflight","record":"pt14-retry","result":"success"}
{"attempts":1,"failures":[],"operation":"migration_second_retry/Preflight","record":"pt14-retry","result":"success"}
{"attempts":1,"failures":[],"operation":"final_cold_open/Preflight","record":"pt14-retry","result":"success"}
{"active_generation":true,"failpoint":"Preflight","old_or_new_only":true,"operation":"repository_open","record":"pt14-final-cold-reopen","selector_manifest_identity":"verified","stage":"final_cold_open/Preflight"}
{"code":"FAULT_INJECTED","expected_selector_committed":false,"failpoint":"Preflight","operation":"migration","raw_os_error":null,"record":"pt14-failpoint","stage":"Preflight"}
{"attempts":1,"failures":[],"operation":"cold_open_after_failpoint/Preflight","record":"pt14-retry","result":"success"}
{"active_generation":false,"failpoint":"Preflight","old_or_new_only":true,"operation":"repository_open","record":"pt14-cold-reopen","stage":"cold_open_after_failpoint/Preflight"}
{"attempts":1,"failures":[],"operation":"migration_retry_after_failpoint/Preflight","record":"pt14-retry","result":"success"}
{"attempts":1,"failures":[],"operation":"cold_open_after_first_retry/Preflight","record":"pt14-retry","result":"success"}
{"attempts":1,"failures":[],"operation":"migration_second_retry/Preflight","record":"pt14-retry","result":"success"}
{"attempts":1,"failures":[],"operation":"final_cold_open/Preflight","record":"pt14-retry","result":"success"}
{"active_generation":true,"failpoint":"Preflight","old_or_new_only":true,"operation":"repository_open","record":"pt14-final-cold-reopen","selector_manifest_identity":"verified","stage":"final_cold_open/Preflight"}
{"code":"FAULT_INJECTED","expected_selector_committed":false,"failpoint":"Preflight","operation":"migration","raw_os_error":null,"record":"pt14-failpoint","stage":"Preflight"}
{"attempts":1,"failures":[],"operation":"cold_open_after_failpoint/Preflight","record":"pt14-retry","result":"success"}
{"active_generation":false,"failpoint":"Preflight","old_or_new_only":true,"operation":"repository_open","record":"pt14-cold-reopen","stage":"cold_open_after_failpoint/Preflight"}
{"attempts":1,"failures":[],"operation":"migration_retry_after_failpoint/Preflight","record":"pt14-retry","result":"success"}
{"attempts":1,"failures":[],"operation":"cold_open_after_first_retry/Preflight","record":"pt14-retry","result":"success"}
{"attempts":1,"failures":[],"operation":"migration_second_retry/Preflight","record":"pt14-retry","result":"success"}
{"attempts":1,"failures":[],"operation":"final_cold_open/Preflight","record":"pt14-retry","result":"success"}
{"active_generation":true,"failpoint":"Preflight","old_or_new_only":true,"operation":"repository_open","record":"pt14-final-cold-reopen","selector_manifest_identity":"verified","stage":"final_cold_open/Preflight"}
{"code":"FAULT_INJECTED","expected_selector_committed":false,"failpoint":"Preflight","operation":"migration","raw_os_error":null,"record":"pt14-failpoint","stage":"Preflight"}
{"attempts":1,"failures":[],"operation":"cold_open_after_failpoint/Preflight","record":"pt14-retry","result":"success"}
{"active_generation":false,"failpoint":"Preflight","old_or_new_only":true,"operation":"repository_open","record":"pt14-cold-reopen","stage":"cold_open_after_failpoint/Preflight"}
{"attempts":1,"failures":[],"operation":"migration_retry_after_failpoint/Preflight","record":"pt14-retry","result":"success"}
{"attempts":1,"failures":[],"operation":"cold_open_after_first_retry/Preflight","record":"pt14-retry","result":"success"}
{"attempts":1,"failures":[],"operation":"migration_second_retry/Preflight","record":"pt14-retry","result":"success"}
{"attempts":1,"failures":[],"operation":"final_cold_open/Preflight","record":"pt14-retry","result":"success"}
{"active_generation":true,"failpoint":"Preflight","old_or_new_only":true,"operation":"repository_open","record":"pt14-final-cold-reopen","selector_manifest_identity":"verified","stage":"final_cold_open/Preflight"}
{"code":"FAULT_INJECTED","expected_selector_committed":false,"failpoint":"Preflight","operation":"migration","raw_os_error":null,"record":"pt14-failpoint","stage":"Preflight"}
{"attempts":1,"failures":[],"operation":"cold_open_after_failpoint/Preflight","record":"pt14-retry","result":"success"}
{"active_generation":false,"failpoint":"Preflight","old_or_new_only":true,"operation":"repository_open","record":"pt14-cold-reopen","stage":"cold_open_after_failpoint/Preflight"}
{"attempts":1,"failures":[],"operation":"migration_retry_after_failpoint/Preflight","record":"pt14-retry","result":"success"}
{"attempts":1,"failures":[],"operation":"cold_open_after_first_retry/Preflight","record":"pt14-retry","result":"success"}
{"attempts":1,"failures":[],"operation":"migration_second_retry/Preflight","record":"pt14-retry","result":"success"}
{"attempts":1,"failures":[],"operation":"final_cold_open/Preflight","record":"pt14-retry","result":"success"}
{"active_generation":true,"failpoint":"Preflight","old_or_new_only":true,"operation":"repository_open","record":"pt14-final-cold-reopen","selector_manifest_identity":"verified","stage":"final_cold_open/Preflight"}
{"code":"FAULT_INJECTED","expected_selector_committed":false,"failpoint":"Preflight","operation":"migration","raw_os_error":null,"record":"pt14-failpoint","stage":"Preflight"}
{"attempts":1,"failures":[],"operation":"cold_open_after_failpoint/Preflight","record":"pt14-retry","result":"success"}
{"active_generation":false,"failpoint":"Preflight","old_or_new_only":true,"operation":"repository_open","record":"pt14-cold-reopen","stage":"cold_open_after_failpoint/Preflight"}
{"attempts":1,"failures":[],"operation":"migration_retry_after_failpoint/Preflight","record":"pt14-retry","result":"success"}
{"attempts":1,"failures":[],"operation":"cold_open_after_first_retry/Preflight","record":"pt14-retry","result":"success"}
{"attempts":1,"failures":[],"operation":"migration_second_retry/Preflight","record":"pt14-retry","result":"success"}
{"attempts":1,"failures":[],"operation":"final_cold_open/Preflight","record":"pt14-retry","result":"success"}
{"active_generation":true,"failpoint":"Preflight","old_or_new_only":true,"operation":"repository_open","record":"pt14-final-cold-reopen","selector_manifest_identity":"verified","stage":"final_cold_open/Preflight"}
{"code":"FAULT_INJECTED","expected_selector_committed":false,"failpoint":"Preflight","operation":"migration","raw_os_error":null,"record":"pt14-failpoint","stage":"Preflight"}
{"attempts":1,"failures":[],"operation":"cold_open_after_failpoint/Preflight","record":"pt14-retry","result":"success"}
{"active_generation":false,"failpoint":"Preflight","old_or_new_only":true,"operation":"repository_open","record":"pt14-cold-reopen","stage":"cold_open_after_failpoint/Preflight"}
{"attempts":1,"failures":[],"operation":"migration_retry_after_failpoint/Preflight","record":"pt14-retry","result":"success"}
{"attempts":1,"failures":[],"operation":"cold_open_after_first_retry/Preflight","record":"pt14-retry","result":"success"}
{"attempts":1,"failures":[],"operation":"migration_second_retry/Preflight","record":"pt14-retry","result":"success"}
{"attempts":1,"failures":[],"operation":"final_cold_open/Preflight","record":"pt14-retry","result":"success"}
{"active_generation":true,"failpoint":"Preflight","old_or_new_only":true,"operation":"repository_open","record":"pt14-final-cold-reopen","selector_manifest_identity":"verified","stage":"final_cold_open/Preflight"}
{"code":"FAULT_INJECTED","expected_selector_committed":false,"failpoint":"Preflight","operation":"migration","raw_os_error":null,"record":"pt14-failpoint","stage":"Preflight"}
{"attempts":1,"failures":[],"operation":"cold_open_after_failpoint/Preflight","record":"pt14-retry","result":"success"}
{"active_generation":false,"failpoint":"Preflight","old_or_new_only":true,"operation":"repository_open","record":"pt14-cold-reopen","stage":"cold_open_after_failpoint/Preflight"}
{"attempts":1,"failures":[],"operation":"migration_retry_after_failpoint/Preflight","record":"pt14-retry","result":"success"}
{"attempts":1,"failures":[],"operation":"cold_open_after_first_retry/Preflight","record":"pt14-retry","result":"success"}
{"attempts":1,"failures":[],"operation":"migration_second_retry/Preflight","record":"pt14-retry","result":"success"}
{"attempts":1,"failures":[],"operation":"final_cold_open/Preflight","record":"pt14-retry","result":"success"}
{"active_generation":true,"failpoint":"Preflight","old_or_new_only":true,"operation":"repository_open","record":"pt14-final-cold-reopen","selector_manifest_identity":"verified","stage":"final_cold_open/Preflight"}
{"code":"FAULT_INJECTED","expected_selector_committed":false,"failpoint":"Preflight","operation":"migration","raw_os_error":null,"record":"pt14-failpoint","stage":"Preflight"}
{"attempts":1,"failures":[],"operation":"cold_open_after_failpoint/Preflight","record":"pt14-retry","result":"success"}
{"active_generation":false,"failpoint":"Preflight","old_or_new_only":true,"operation":"repository_open","record":"pt14-cold-reopen","stage":"cold_open_after_failpoint/Preflight"}
{"attempts":1,"failures":[],"operation":"migration_retry_after_failpoint/Preflight","record":"pt14-retry","result":"success"}
{"attempts":1,"failures":[],"operation":"cold_open_after_first_retry/Preflight","record":"pt14-retry","result":"success"}
{"attempts":1,"failures":[],"operation":"migration_second_retry/Preflight","record":"pt14-retry","result":"success"}
{"attempts":1,"failures":[],"operation":"final_cold_open/Preflight","record":"pt14-retry","result":"success"}
{"active_generation":true,"failpoint":"Preflight","old_or_new_only":true,"operation":"repository_open","record":"pt14-final-cold-reopen","selector_manifest_identity":"verified","stage":"final_cold_open/Preflight"}
{"code":"FAULT_INJECTED","expected_selector_committed":false,"failpoint":"Preflight","operation":"migration","raw_os_error":null,"record":"pt14-failpoint","stage":"Preflight"}
{"attempts":1,"failures":[],"operation":"cold_open_after_failpoint/Preflight","record":"pt14-retry","result":"success"}
{"active_generation":false,"failpoint":"Preflight","old_or_new_only":true,"operation":"repository_open","record":"pt14-cold-reopen","stage":"cold_open_after_failpoint/Preflight"}
{"attempts":1,"failures":[],"operation":"migration_retry_after_failpoint/Preflight","record":"pt14-retry","result":"success"}
{"attempts":1,"failures":[],"operation":"cold_open_after_first_retry/Preflight","record":"pt14-retry","result":"success"}
{"attempts":1,"failures":[],"operation":"migration_second_retry/Preflight","record":"pt14-retry","result":"success"}
{"attempts":1,"failures":[],"operation":"final_cold_open/Preflight","record":"pt14-retry","result":"success"}
{"active_generation":true,"failpoint":"Preflight","old_or_new_only":true,"operation":"repository_open","record":"pt14-final-cold-reopen","selector_manifest_identity":"verified","stage":"final_cold_open/Preflight"}
{"code":"FAULT_INJECTED","expected_selector_committed":false,"failpoint":"Preflight","operation":"migration","raw_os_error":null,"record":"pt14-failpoint","stage":"Preflight"}
{"attempts":1,"failures":[],"operation":"cold_open_after_failpoint/Preflight","record":"pt14-retry","result":"success"}
{"active_generation":false,"failpoint":"Preflight","old_or_new_only":true,"operation":"repository_open","record":"pt14-cold-reopen","stage":"cold_open_after_failpoint/Preflight"}
{"attempts":1,"failures":[],"operation":"migration_retry_after_failpoint/Preflight","record":"pt14-retry","result":"success"}
{"attempts":1,"failures":[],"operation":"cold_open_after_first_retry/Preflight","record":"pt14-retry","result":"success"}
{"attempts":1,"failures":[],"operation":"migration_second_retry/Preflight","record":"pt14-retry","result":"success"}
{"attempts":1,"failures":[],"operation":"final_cold_open/Preflight","record":"pt14-retry","result":"success"}
{"active_generation":true,"failpoint":"Preflight","old_or_new_only":true,"operation":"repository_open","record":"pt14-final-cold-reopen","selector_manifest_identity":"verified","stage":"final_cold_open/Preflight"}
{"code":"FAULT_INJECTED","expected_selector_committed":false,"failpoint":"Preflight","operation":"migration","raw_os_error":null,"record":"pt14-failpoint","stage":"Preflight"}
{"attempts":1,"failures":[],"operation":"cold_open_after_failpoint/Preflight","record":"pt14-retry","result":"success"}
{"active_generation":false,"failpoint":"Preflight","old_or_new_only":true,"operation":"repository_open","record":"pt14-cold-reopen","stage":"cold_open_after_failpoint/Preflight"}
{"attempts":1,"failures":[],"operation":"migration_retry_after_failpoint/Preflight","record":"pt14-retry","result":"success"}
{"attempts":1,"failures":[],"operation":"cold_open_after_first_retry/Preflight","record":"pt14-retry","result":"success"}
{"attempts":1,"failures":[],"operation":"migration_second_retry/Preflight","record":"pt14-retry","result":"success"}
{"attempts":1,"failures":[],"operation":"final_cold_open/Preflight","record":"pt14-retry","result":"success"}
{"active_generation":true,"failpoint":"Preflight","old_or_new_only":true,"operation":"repository_open","record":"pt14-final-cold-reopen","selector_manifest_identity":"verified","stage":"final_cold_open/Preflight"}
{"code":"FAULT_INJECTED","expected_selector_committed":false,"failpoint":"Preflight","operation":"migration","raw_os_error":null,"record":"pt14-failpoint","stage":"Preflight"}
{"attempts":1,"failures":[],"operation":"cold_open_after_failpoint/Preflight","record":"pt14-retry","result":"success"}
{"active_generation":false,"failpoint":"Preflight","old_or_new_only":true,"operation":"repository_open","record":"pt14-cold-reopen","stage":"cold_open_after_failpoint/Preflight"}
{"attempts":1,"failures":[],"operation":"migration_retry_after_failpoint/Preflight","record":"pt14-retry","result":"success"}
{"attempts":1,"failures":[],"operation":"cold_open_after_first_retry/Preflight","record":"pt14-retry","result":"success"}
{"attempts":1,"failures":[],"operation":"migration_second_retry/Preflight","record":"pt14-retry","result":"success"}
{"attempts":1,"failures":[],"operation":"final_cold_open/Preflight","record":"pt14-retry","result":"success"}
{"active_generation":true,"failpoint":"Preflight","old_or_new_only":true,"operation":"repository_open","record":"pt14-final-cold-reopen","selector_manifest_identity":"verified","stage":"final_cold_open/Preflight"}
{"code":"FAULT_INJECTED","expected_selector_committed":false,"failpoint":"Preflight","operation":"migration","raw_os_error":null,"record":"pt14-failpoint","stage":"Preflight"}
{"attempts":1,"failures":[],"operation":"cold_open_after_failpoint/Preflight","record":"pt14-retry","result":"success"}
{"active_generation":false,"failpoint":"Preflight","old_or_new_only":true,"operation":"repository_open","record":"pt14-cold-reopen","stage":"cold_open_after_failpoint/Preflight"}
{"attempts":1,"failures":[],"operation":"migration_retry_after_failpoint/Preflight","record":"pt14-retry","result":"success"}
{"attempts":1,"failures":[],"operation":"cold_open_after_first_retry/Preflight","record":"pt14-retry","result":"success"}
{"attempts":1,"failures":[],"operation":"migration_second_retry/Preflight","record":"pt14-retry","result":"success"}
{"attempts":1,"failures":[],"operation":"final_cold_open/Preflight","record":"pt14-retry","result":"success"}
{"active_generation":true,"failpoint":"Preflight","old_or_new_only":true,"operation":"repository_open","record":"pt14-final-cold-reopen","selector_manifest_identity":"verified","stage":"final_cold_open/Preflight"}
{"code":"FAULT_INJECTED","expected_selector_committed":false,"failpoint":"Preflight","operation":"migration","raw_os_error":null,"record":"pt14-failpoint","stage":"Preflight"}
{"attempts":1,"failures":[],"operation":"cold_open_after_failpoint/Preflight","record":"pt14-retry","result":"success"}
{"active_generation":false,"failpoint":"Preflight","old_or_new_only":true,"operation":"repository_open","record":"pt14-cold-reopen","stage":"cold_open_after_failpoint/Preflight"}
{"attempts":1,"failures":[],"operation":"migration_retry_after_failpoint/Preflight","record":"pt14-retry","result":"success"}
{"attempts":1,"failures":[],"operation":"cold_open_after_first_retry/Preflight","record":"pt14-retry","result":"success"}
{"attempts":1,"failures":[],"operation":"migration_second_retry/Preflight","record":"pt14-retry","result":"success"}
{"attempts":1,"failures":[],"operation":"final_cold_open/Preflight","record":"pt14-retry","result":"success"}
{"active_generation":true,"failpoint":"Preflight","old_or_new_only":true,"operation":"repository_open","record":"pt14-final-cold-reopen","selector_manifest_identity":"verified","stage":"final_cold_open/Preflight"}
{"code":"FAULT_INJECTED","expected_selector_committed":false,"failpoint":"Preflight","operation":"migration","raw_os_error":null,"record":"pt14-failpoint","stage":"Preflight"}
{"attempts":1,"failures":[],"operation":"cold_open_after_failpoint/Preflight","record":"pt14-retry","result":"success"}
{"active_generation":false,"failpoint":"Preflight","old_or_new_only":true,"operation":"repository_open","record":"pt14-cold-reopen","stage":"cold_open_after_failpoint/Preflight"}
{"attempts":1,"failures":[],"operation":"migration_retry_after_failpoint/Preflight","record":"pt14-retry","result":"success"}
{"attempts":1,"failures":[],"operation":"cold_open_after_first_retry/Preflight","record":"pt14-retry","result":"success"}
{"attempts":1,"failures":[],"operation":"migration_second_retry/Preflight","record":"pt14-retry","result":"success"}
{"attempts":1,"failures":[],"operation":"final_cold_open/Preflight","record":"pt14-retry","result":"success"}
{"active_generation":true,"failpoint":"Preflight","old_or_new_only":true,"operation":"repository_open","record":"pt14-final-cold-reopen","selector_manifest_identity":"verified","stage":"final_cold_open/Preflight"}
{"code":"FAULT_INJECTED","expected_selector_committed":false,"failpoint":"Preflight","operation":"migration","raw_os_error":null,"record":"pt14-failpoint","stage":"Preflight"}
{"attempts":1,"failures":[],"operation":"cold_open_after_failpoint/Preflight","record":"pt14-retry","result":"success"}
{"active_generation":false,"failpoint":"Preflight","old_or_new_only":true,"operation":"repository_open","record":"pt14-cold-reopen","stage":"cold_open_after_failpoint/Preflight"}
{"attempts":1,"failures":[],"operation":"migration_retry_after_failpoint/Preflight","record":"pt14-retry","result":"success"}
{"attempts":1,"failures":[],"operation":"cold_open_after_first_retry/Preflight","record":"pt14-retry","result":"success"}
{"attempts":1,"failures":[],"operation":"migration_second_retry/Preflight","record":"pt14-retry","result":"success"}
{"attempts":1,"failures":[],"operation":"final_cold_open/Preflight","record":"pt14-retry","result":"success"}
{"active_generation":true,"failpoint":"Preflight","old_or_new_only":true,"operation":"repository_open","record":"pt14-final-cold-reopen","selector_manifest_identity":"verified","stage":"final_cold_open/Preflight"}
{"code":"FAULT_INJECTED","expected_selector_committed":false,"failpoint":"Preflight","operation":"migration","raw_os_error":null,"record":"pt14-failpoint","stage":"Preflight"}
{"attempts":1,"failures":[],"operation":"cold_open_after_failpoint/Preflight","record":"pt14-retry","result":"success"}
{"active_generation":false,"failpoint":"Preflight","old_or_new_only":true,"operation":"repository_open","record":"pt14-cold-reopen","stage":"cold_open_after_failpoint/Preflight"}
{"attempts":1,"failures":[],"operation":"migration_retry_after_failpoint/Preflight","record":"pt14-retry","result":"success"}
{"attempts":1,"failures":[],"operation":"cold_open_after_first_retry/Preflight","record":"pt14-retry","result":"success"}
{"attempts":1,"failures":[],"operation":"migration_second_retry/Preflight","record":"pt14-retry","result":"success"}
{"attempts":1,"failures":[],"operation":"final_cold_open/Preflight","record":"pt14-retry","result":"success"}
{"active_generation":true,"failpoint":"Preflight","old_or_new_only":true,"operation":"repository_open","record":"pt14-final-cold-reopen","selector_manifest_identity":"verified","stage":"final_cold_open/Preflight"}
{"code":"FAULT_INJECTED","expected_selector_committed":false,"failpoint":"Preflight","operation":"migration","raw_os_error":null,"record":"pt14-failpoint","stage":"Preflight"}
{"attempts":1,"failures":[],"operation":"cold_open_after_failpoint/Preflight","record":"pt14-retry","result":"success"}
{"active_generation":false,"failpoint":"Preflight","old_or_new_only":true,"operation":"repository_open","record":"pt14-cold-reopen","stage":"cold_open_after_failpoint/Preflight"}
{"attempts":1,"failures":[],"operation":"migration_retry_after_failpoint/Preflight","record":"pt14-retry","result":"success"}
{"attempts":1,"failures":[],"operation":"cold_open_after_first_retry/Preflight","record":"pt14-retry","result":"success"}
{"attempts":1,"failures":[],"operation":"migration_second_retry/Preflight","record":"pt14-retry","result":"success"}
{"attempts":1,"failures":[],"operation":"final_cold_open/Preflight","record":"pt14-retry","result":"success"}
{"active_generation":true,"failpoint":"Preflight","old_or_new_only":true,"operation":"repository_open","record":"pt14-final-cold-reopen","selector_manifest_identity":"verified","stage":"final_cold_open/Preflight"}
{"code":"FAULT_INJECTED","expected_selector_committed":false,"failpoint":"Preflight","operation":"migration","raw_os_error":null,"record":"pt14-failpoint","stage":"Preflight"}
{"attempts":1,"failures":[],"operation":"cold_open_after_failpoint/Preflight","record":"pt14-retry","result":"success"}
{"active_generation":false,"failpoint":"Preflight","old_or_new_only":true,"operation":"repository_open","record":"pt14-cold-reopen","stage":"cold_open_after_failpoint/Preflight"}
{"attempts":1,"failures":[],"operation":"migration_retry_after_failpoint/Preflight","record":"pt14-retry","result":"success"}
{"attempts":1,"failures":[],"operation":"cold_open_after_first_retry/Preflight","record":"pt14-retry","result":"success"}
{"attempts":1,"failures":[],"operation":"migration_second_retry/Preflight","record":"pt14-retry","result":"success"}
{"attempts":1,"failures":[],"operation":"final_cold_open/Preflight","record":"pt14-retry","result":"success"}
{"active_generation":true,"failpoint":"Preflight","old_or_new_only":true,"operation":"repository_open","record":"pt14-final-cold-reopen","selector_manifest_identity":"verified","stage":"final_cold_open/Preflight"}
{"code":"FAULT_INJECTED","expected_selector_committed":false,"failpoint":"Preflight","operation":"migration","raw_os_error":null,"record":"pt14-failpoint","stage":"Preflight"}
{"attempts":1,"failures":[],"operation":"cold_open_after_failpoint/Preflight","record":"pt14-retry","result":"success"}
{"active_generation":false,"failpoint":"Preflight","old_or_new_only":true,"operation":"repository_open","record":"pt14-cold-reopen","stage":"cold_open_after_failpoint/Preflight"}
{"attempts":1,"failures":[],"operation":"migration_retry_after_failpoint/Preflight","record":"pt14-retry","result":"success"}
{"attempts":1,"failures":[],"operation":"cold_open_after_first_retry/Preflight","record":"pt14-retry","result":"success"}
{"attempts":1,"failures":[],"operation":"migration_second_retry/Preflight","record":"pt14-retry","result":"success"}
{"attempts":1,"failures":[],"operation":"final_cold_open/Preflight","record":"pt14-retry","result":"success"}
{"active_generation":true,"failpoint":"Preflight","old_or_new_only":true,"operation":"repository_open","record":"pt14-final-cold-reopen","selector_manifest_identity":"verified","stage":"final_cold_open/Preflight"}
{"code":"FAULT_INJECTED","expected_selector_committed":false,"failpoint":"Preflight","operation":"migration","raw_os_error":null,"record":"pt14-failpoint","stage":"Preflight"}
{"attempts":1,"failures":[],"operation":"cold_open_after_failpoint/Preflight","record":"pt14-retry","result":"success"}
{"active_generation":false,"failpoint":"Preflight","old_or_new_only":true,"operation":"repository_open","record":"pt14-cold-reopen","stage":"cold_open_after_failpoint/Preflight"}
{"attempts":1,"failures":[],"operation":"migration_retry_after_failpoint/Preflight","record":"pt14-retry","result":"success"}
{"attempts":1,"failures":[],"operation":"cold_open_after_first_retry/Preflight","record":"pt14-retry","result":"success"}
{"attempts":1,"failures":[],"operation":"migration_second_retry/Preflight","record":"pt14-retry","result":"success"}
{"attempts":1,"failures":[],"operation":"final_cold_open/Preflight","record":"pt14-retry","result":"success"}
{"active_generation":true,"failpoint":"Preflight","old_or_new_only":true,"operation":"repository_open","record":"pt14-final-cold-reopen","selector_manifest_identity":"verified","stage":"final_cold_open/Preflight"}
{"code":"FAULT_INJECTED","expected_selector_committed":false,"failpoint":"Preflight","operation":"migration","raw_os_error":null,"record":"pt14-failpoint","stage":"Preflight"}
{"attempts":1,"failures":[],"operation":"cold_open_after_failpoint/Preflight","record":"pt14-retry","result":"success"}
{"active_generation":false,"failpoint":"Preflight","old_or_new_only":true,"operation":"repository_open","record":"pt14-cold-reopen","stage":"cold_open_after_failpoint/Preflight"}
{"attempts":1,"failures":[],"operation":"migration_retry_after_failpoint/Preflight","record":"pt14-retry","result":"success"}
{"attempts":1,"failures":[],"operation":"cold_open_after_first_retry/Preflight","record":"pt14-retry","result":"success"}
{"attempts":1,"failures":[],"operation":"migration_second_retry/Preflight","record":"pt14-retry","result":"success"}
{"attempts":1,"failures":[],"operation":"final_cold_open/Preflight","record":"pt14-retry","result":"success"}
{"active_generation":true,"failpoint":"Preflight","old_or_new_only":true,"operation":"repository_open","record":"pt14-final-cold-reopen","selector_manifest_identity":"verified","stage":"final_cold_open/Preflight"}
{"code":"FAULT_INJECTED","expected_selector_committed":false,"failpoint":"Preflight","operation":"migration","raw_os_error":null,"record":"pt14-failpoint","stage":"Preflight"}
{"attempts":1,"failures":[],"operation":"cold_open_after_failpoint/Preflight","record":"pt14-retry","result":"success"}
{"active_generation":false,"failpoint":"Preflight","old_or_new_only":true,"operation":"repository_open","record":"pt14-cold-reopen","stage":"cold_open_after_failpoint/Preflight"}
{"attempts":1,"failures":[],"operation":"migration_retry_after_failpoint/Preflight","record":"pt14-retry","result":"success"}
{"attempts":1,"failures":[],"operation":"cold_open_after_first_retry/Preflight","record":"pt14-retry","result":"success"}
{"attempts":1,"failures":[],"operation":"migration_second_retry/Preflight","record":"pt14-retry","result":"success"}
{"attempts":1,"failures":[],"operation":"final_cold_open/Preflight","record":"pt14-retry","result":"success"}
{"active_generation":true,"failpoint":"Preflight","old_or_new_only":true,"operation":"repository_open","record":"pt14-final-cold-reopen","selector_manifest_identity":"verified","stage":"final_cold_open/Preflight"}
{"code":"FAULT_INJECTED","expected_selector_committed":false,"failpoint":"TargetAllocated","operation":"migration","raw_os_error":null,"record":"pt14-failpoint","stage":"TargetAllocated"}
{"attempts":1,"failures":[],"operation":"cold_open_after_failpoint/TargetAllocated","record":"pt14-retry","result":"success"}
{"active_generation":false,"failpoint":"TargetAllocated","old_or_new_only":true,"operation":"repository_open","record":"pt14-cold-reopen","stage":"cold_open_after_failpoint/TargetAllocated"}
{"attempts":1,"failures":[],"operation":"migration_retry_after_failpoint/TargetAllocated","record":"pt14-retry","result":"success"}
{"attempts":1,"failures":[],"operation":"cold_open_after_first_retry/TargetAllocated","record":"pt14-retry","result":"success"}
{"attempts":1,"failures":[],"operation":"migration_second_retry/TargetAllocated","record":"pt14-retry","result":"success"}
{"attempts":1,"failures":[],"operation":"final_cold_open/TargetAllocated","record":"pt14-retry","result":"success"}
{"active_generation":true,"failpoint":"TargetAllocated","old_or_new_only":true,"operation":"repository_open","record":"pt14-final-cold-reopen","selector_manifest_identity":"verified","stage":"final_cold_open/TargetAllocated"}
{"code":"FAULT_INJECTED","expected_selector_committed":false,"failpoint":"TargetAllocated","operation":"migration","raw_os_error":null,"record":"pt14-failpoint","stage":"TargetAllocated"}
{"attempts":1,"failures":[],"operation":"cold_open_after_failpoint/TargetAllocated","record":"pt14-retry","result":"success"}
{"active_generation":false,"failpoint":"TargetAllocated","old_or_new_only":true,"operation":"repository_open","record":"pt14-cold-reopen","stage":"cold_open_after_failpoint/TargetAllocated"}
{"attempts":1,"failures":[],"operation":"migration_retry_after_failpoint/TargetAllocated","record":"pt14-retry","result":"success"}
{"attempts":1,"failures":[],"operation":"cold_open_after_first_retry/TargetAllocated","record":"pt14-retry","result":"success"}
{"attempts":1,"failures":[],"operation":"migration_second_retry/TargetAllocated","record":"pt14-retry","result":"success"}
{"attempts":1,"failures":[],"operation":"final_cold_open/TargetAllocated","record":"pt14-retry","result":"success"}
{"active_generation":true,"failpoint":"TargetAllocated","old_or_new_only":true,"operation":"repository_open","record":"pt14-final-cold-reopen","selector_manifest_identity":"verified","stage":"final_cold_open/TargetAllocated"}
{"code":"FAULT_INJECTED","expected_selector_committed":false,"failpoint":"TargetAllocated","operation":"migration","raw_os_error":null,"record":"pt14-failpoint","stage":"TargetAllocated"}
{"attempts":1,"failures":[],"operation":"cold_open_after_failpoint/TargetAllocated","record":"pt14-retry","result":"success"}
{"active_generation":false,"failpoint":"TargetAllocated","old_or_new_only":true,"operation":"repository_open","record":"pt14-cold-reopen","stage":"cold_open_after_failpoint/TargetAllocated"}
{"attempts":1,"failures":[],"operation":"migration_retry_after_failpoint/TargetAllocated","record":"pt14-retry","result":"success"}
{"attempts":1,"failures":[],"operation":"cold_open_after_first_retry/TargetAllocated","record":"pt14-retry","result":"success"}
{"attempts":1,"failures":[],"operation":"migration_second_retry/TargetAllocated","record":"pt14-retry","result":"success"}
{"attempts":1,"failures":[],"operation":"final_cold_open/TargetAllocated","record":"pt14-retry","result":"success"}
{"active_generation":true,"failpoint":"TargetAllocated","old_or_new_only":true,"operation":"repository_open","record":"pt14-final-cold-reopen","selector_manifest_identity":"verified","stage":"final_cold_open/TargetAllocated"}
{"code":"FAULT_INJECTED","expected_selector_committed":false,"failpoint":"TargetAllocated","operation":"migration","raw_os_error":null,"record":"pt14-failpoint","stage":"TargetAllocated"}
{"attempts":1,"failures":[],"operation":"cold_open_after_failpoint/TargetAllocated","record":"pt14-retry","result":"success"}
{"active_generation":false,"failpoint":"TargetAllocated","old_or_new_only":true,"operation":"repository_open","record":"pt14-cold-reopen","stage":"cold_open_after_failpoint/TargetAllocated"}
{"attempts":1,"failures":[],"operation":"migration_retry_after_failpoint/TargetAllocated","record":"pt14-retry","result":"success"}
{"attempts":1,"failures":[],"operation":"cold_open_after_first_retry/TargetAllocated","record":"pt14-retry","result":"success"}
{"attempts":1,"failures":[],"operation":"migration_second_retry/TargetAllocated","record":"pt14-retry","result":"success"}
{"attempts":1,"failures":[],"operation":"final_cold_open/TargetAllocated","record":"pt14-retry","result":"success"}
{"active_generation":true,"failpoint":"TargetAllocated","old_or_new_only":true,"operation":"repository_open","record":"pt14-final-cold-reopen","selector_manifest_identity":"verified","stage":"final_cold_open/TargetAllocated"}
{"code":"FAULT_INJECTED","expected_selector_committed":false,"failpoint":"TargetAllocated","operation":"migration","raw_os_error":null,"record":"pt14-failpoint","stage":"TargetAllocated"}
{"attempts":1,"failures":[],"operation":"cold_open_after_failpoint/TargetAllocated","record":"pt14-retry","result":"success"}
{"active_generation":false,"failpoint":"TargetAllocated","old_or_new_only":true,"operation":"repository_open","record":"pt14-cold-reopen","stage":"cold_open_after_failpoint/TargetAllocated"}
{"attempts":1,"failures":[],"operation":"migration_retry_after_failpoint/TargetAllocated","record":"pt14-retry","result":"success"}
{"attempts":1,"failures":[],"operation":"cold_open_after_first_retry/TargetAllocated","record":"pt14-retry","result":"success"}
{"attempts":1,"failures":[],"operation":"migration_second_retry/TargetAllocated","record":"pt14-retry","result":"success"}
{"attempts":1,"failures":[],"operation":"final_cold_open/TargetAllocated","record":"pt14-retry","result":"success"}
{"active_generation":true,"failpoint":"TargetAllocated","old_or_new_only":true,"operation":"repository_open","record":"pt14-final-cold-reopen","selector_manifest_identity":"verified","stage":"final_cold_open/TargetAllocated"}
{"code":"FAULT_INJECTED","expected_selector_committed":false,"failpoint":"TargetAllocated","operation":"migration","raw_os_error":null,"record":"pt14-failpoint","stage":"TargetAllocated"}
{"attempts":1,"failures":[],"operation":"cold_open_after_failpoint/TargetAllocated","record":"pt14-retry","result":"success"}
{"active_generation":false,"failpoint":"TargetAllocated","old_or_new_only":true,"operation":"repository_open","record":"pt14-cold-reopen","stage":"cold_open_after_failpoint/TargetAllocated"}
{"attempts":1,"failures":[],"operation":"migration_retry_after_failpoint/TargetAllocated","record":"pt14-retry","result":"success"}
{"attempts":1,"failures":[],"operation":"cold_open_after_first_retry/TargetAllocated","record":"pt14-retry","result":"success"}
{"attempts":1,"failures":[],"operation":"migration_second_retry/TargetAllocated","record":"pt14-retry","result":"success"}
{"attempts":1,"failures":[],"operation":"final_cold_open/TargetAllocated","record":"pt14-retry","result":"success"}
{"active_generation":true,"failpoint":"TargetAllocated","old_or_new_only":true,"operation":"repository_open","record":"pt14-final-cold-reopen","selector_manifest_identity":"verified","stage":"final_cold_open/TargetAllocated"}
{"code":"FAULT_INJECTED","expected_selector_committed":false,"failpoint":"TargetAllocated","operation":"migration","raw_os_error":null,"record":"pt14-failpoint","stage":"TargetAllocated"}
{"attempts":1,"failures":[],"operation":"cold_open_after_failpoint/TargetAllocated","record":"pt14-retry","result":"success"}
{"active_generation":false,"failpoint":"TargetAllocated","old_or_new_only":true,"operation":"repository_open","record":"pt14-cold-reopen","stage":"cold_open_after_failpoint/TargetAllocated"}
{"attempts":1,"failures":[],"operation":"migration_retry_after_failpoint/TargetAllocated","record":"pt14-retry","result":"success"}
{"attempts":1,"failures":[],"operation":"cold_open_after_first_retry/TargetAllocated","record":"pt14-retry","result":"success"}
{"attempts":1,"failures":[],"operation":"migration_second_retry/TargetAllocated","record":"pt14-retry","result":"success"}
{"attempts":1,"failures":[],"operation":"final_cold_open/TargetAllocated","record":"pt14-retry","result":"success"}
{"active_generation":true,"failpoint":"TargetAllocated","old_or_new_only":true,"operation":"repository_open","record":"pt14-final-cold-reopen","selector_manifest_identity":"verified","stage":"final_cold_open/TargetAllocated"}
{"code":"FAULT_INJECTED","expected_selector_committed":false,"failpoint":"TargetAllocated","operation":"migration","raw_os_error":null,"record":"pt14-failpoint","stage":"TargetAllocated"}
{"attempts":1,"failures":[],"operation":"cold_open_after_failpoint/TargetAllocated","record":"pt14-retry","result":"success"}
{"active_generation":false,"failpoint":"TargetAllocated","old_or_new_only":true,"operation":"repository_open","record":"pt14-cold-reopen","stage":"cold_open_after_failpoint/TargetAllocated"}
{"attempts":1,"failures":[],"operation":"migration_retry_after_failpoint/TargetAllocated","record":"pt14-retry","result":"success"}
{"attempts":1,"failures":[],"operation":"cold_open_after_first_retry/TargetAllocated","record":"pt14-retry","result":"success"}
{"attempts":1,"failures":[],"operation":"migration_second_retry/TargetAllocated","record":"pt14-retry","result":"success"}
{"attempts":1,"failures":[],"operation":"final_cold_open/TargetAllocated","record":"pt14-retry","result":"success"}
{"active_generation":true,"failpoint":"TargetAllocated","old_or_new_only":true,"operation":"repository_open","record":"pt14-final-cold-reopen","selector_manifest_identity":"verified","stage":"final_cold_open/TargetAllocated"}
{"code":"FAULT_INJECTED","expected_selector_committed":false,"failpoint":"TargetAllocated","operation":"migration","raw_os_error":null,"record":"pt14-failpoint","stage":"TargetAllocated"}
{"attempts":1,"failures":[],"operation":"cold_open_after_failpoint/TargetAllocated","record":"pt14-retry","result":"success"}
{"active_generation":false,"failpoint":"TargetAllocated","old_or_new_only":true,"operation":"repository_open","record":"pt14-cold-reopen","stage":"cold_open_after_failpoint/TargetAllocated"}
{"attempts":1,"failures":[],"operation":"migration_retry_after_failpoint/TargetAllocated","record":"pt14-retry","result":"success"}
{"attempts":1,"failures":[],"operation":"cold_open_after_first_retry/TargetAllocated","record":"pt14-retry","result":"success"}
{"attempts":1,"failures":[],"operation":"migration_second_retry/TargetAllocated","record":"pt14-retry","result":"success"}
{"attempts":1,"failures":[],"operation":"final_cold_open/TargetAllocated","record":"pt14-retry","result":"success"}
{"active_generation":true,"failpoint":"TargetAllocated","old_or_new_only":true,"operation":"repository_open","record":"pt14-final-cold-reopen","selector_manifest_identity":"verified","stage":"final_cold_open/TargetAllocated"}
{"code":"FAULT_INJECTED","expected_selector_committed":false,"failpoint":"TargetAllocated","operation":"migration","raw_os_error":null,"record":"pt14-failpoint","stage":"TargetAllocated"}
{"attempts":1,"failures":[],"operation":"cold_open_after_failpoint/TargetAllocated","record":"pt14-retry","result":"success"}
{"active_generation":false,"failpoint":"TargetAllocated","old_or_new_only":true,"operation":"repository_open","record":"pt14-cold-reopen","stage":"cold_open_after_failpoint/TargetAllocated"}
{"attempts":1,"failures":[],"operation":"migration_retry_after_failpoint/TargetAllocated","record":"pt14-retry","result":"success"}
{"attempts":1,"failures":[],"operation":"cold_open_after_first_retry/TargetAllocated","record":"pt14-retry","result":"success"}
{"attempts":1,"failures":[],"operation":"migration_second_retry/TargetAllocated","record":"pt14-retry","result":"success"}
{"attempts":1,"failures":[],"operation":"final_cold_open/TargetAllocated","record":"pt14-retry","result":"success"}
{"active_generation":true,"failpoint":"TargetAllocated","old_or_new_only":true,"operation":"repository_open","record":"pt14-final-cold-reopen","selector_manifest_identity":"verified","stage":"final_cold_open/TargetAllocated"}
{"code":"FAULT_INJECTED","expected_selector_committed":false,"failpoint":"TargetAllocated","operation":"migration","raw_os_error":null,"record":"pt14-failpoint","stage":"TargetAllocated"}
{"attempts":1,"failures":[],"operation":"cold_open_after_failpoint/TargetAllocated","record":"pt14-retry","result":"success"}
{"active_generation":false,"failpoint":"TargetAllocated","old_or_new_only":true,"operation":"repository_open","record":"pt14-cold-reopen","stage":"cold_open_after_failpoint/TargetAllocated"}
{"attempts":1,"failures":[],"operation":"migration_retry_after_failpoint/TargetAllocated","record":"pt14-retry","result":"success"}
{"attempts":1,"failures":[],"operation":"cold_open_after_first_retry/TargetAllocated","record":"pt14-retry","result":"success"}
{"attempts":1,"failures":[],"operation":"migration_second_retry/TargetAllocated","record":"pt14-retry","result":"success"}
{"attempts":1,"failures":[],"operation":"final_cold_open/TargetAllocated","record":"pt14-retry","result":"success"}
{"active_generation":true,"failpoint":"TargetAllocated","old_or_new_only":true,"operation":"repository_open","record":"pt14-final-cold-reopen","selector_manifest_identity":"verified","stage":"final_cold_open/TargetAllocated"}
{"code":"FAULT_INJECTED","expected_selector_committed":false,"failpoint":"TargetAllocated","operation":"migration","raw_os_error":null,"record":"pt14-failpoint","stage":"TargetAllocated"}
{"attempts":1,"failures":[],"operation":"cold_open_after_failpoint/TargetAllocated","record":"pt14-retry","result":"success"}
{"active_generation":false,"failpoint":"TargetAllocated","old_or_new_only":true,"operation":"repository_open","record":"pt14-cold-reopen","stage":"cold_open_after_failpoint/TargetAllocated"}
{"attempts":1,"failures":[],"operation":"migration_retry_after_failpoint/TargetAllocated","record":"pt14-retry","result":"success"}
{"attempts":1,"failures":[],"operation":"cold_open_after_first_retry/TargetAllocated","record":"pt14-retry","result":"success"}
{"attempts":1,"failures":[],"operation":"migration_second_retry/TargetAllocated","record":"pt14-retry","result":"success"}
{"attempts":1,"failures":[],"operation":"final_cold_open/TargetAllocated","record":"pt14-retry","result":"success"}
{"active_generation":true,"failpoint":"TargetAllocated","old_or_new_only":true,"operation":"repository_open","record":"pt14-final-cold-reopen","selector_manifest_identity":"verified","stage":"final_cold_open/TargetAllocated"}
{"code":"FAULT_INJECTED","expected_selector_committed":false,"failpoint":"TargetAllocated","operation":"migration","raw_os_error":null,"record":"pt14-failpoint","stage":"TargetAllocated"}
{"attempts":1,"failures":[],"operation":"cold_open_after_failpoint/TargetAllocated","record":"pt14-retry","result":"success"}
{"active_generation":false,"failpoint":"TargetAllocated","old_or_new_only":true,"operation":"repository_open","record":"pt14-cold-reopen","stage":"cold_open_after_failpoint/TargetAllocated"}
{"attempts":1,"failures":[],"operation":"migration_retry_after_failpoint/TargetAllocated","record":"pt14-retry","result":"success"}
{"attempts":1,"failures":[],"operation":"cold_open_after_first_retry/TargetAllocated","record":"pt14-retry","result":"success"}
{"attempts":1,"failures":[],"operation":"migration_second_retry/TargetAllocated","record":"pt14-retry","result":"success"}
{"attempts":1,"failures":[],"operation":"final_cold_open/TargetAllocated","record":"pt14-retry","result":"success"}
{"active_generation":true,"failpoint":"TargetAllocated","old_or_new_only":true,"operation":"repository_open","record":"pt14-final-cold-reopen","selector_manifest_identity":"verified","stage":"final_cold_open/TargetAllocated"}
{"code":"FAULT_INJECTED","expected_selector_committed":false,"failpoint":"TargetAllocated","operation":"migration","raw_os_error":null,"record":"pt14-failpoint","stage":"TargetAllocated"}
{"attempts":1,"failures":[],"operation":"cold_open_after_failpoint/TargetAllocated","record":"pt14-retry","result":"success"}
{"active_generation":false,"failpoint":"TargetAllocated","old_or_new_only":true,"operation":"repository_open","record":"pt14-cold-reopen","stage":"cold_open_after_failpoint/TargetAllocated"}
{"attempts":1,"failures":[],"operation":"migration_retry_after_failpoint/TargetAllocated","record":"pt14-retry","result":"success"}
{"attempts":1,"failures":[],"operation":"cold_open_after_first_retry/TargetAllocated","record":"pt14-retry","result":"success"}
{"attempts":1,"failures":[],"operation":"migration_second_retry/TargetAllocated","record":"pt14-retry","result":"success"}
{"attempts":1,"failures":[],"operation":"final_cold_open/TargetAllocated","record":"pt14-retry","result":"success"}
{"active_generation":true,"failpoint":"TargetAllocated","old_or_new_only":true,"operation":"repository_open","record":"pt14-final-cold-reopen","selector_manifest_identity":"verified","stage":"final_cold_open/TargetAllocated"}
{"code":"FAULT_INJECTED","expected_selector_committed":false,"failpoint":"TargetAllocated","operation":"migration","raw_os_error":null,"record":"pt14-failpoint","stage":"TargetAllocated"}
{"attempts":1,"failures":[],"operation":"cold_open_after_failpoint/TargetAllocated","record":"pt14-retry","result":"success"}
{"active_generation":false,"failpoint":"TargetAllocated","old_or_new_only":true,"operation":"repository_open","record":"pt14-cold-reopen","stage":"cold_open_after_failpoint/TargetAllocated"}
{"attempts":1,"failures":[],"operation":"migration_retry_after_failpoint/TargetAllocated","record":"pt14-retry","result":"success"}
{"attempts":1,"failures":[],"operation":"cold_open_after_first_retry/TargetAllocated","record":"pt14-retry","result":"success"}
{"attempts":1,"failures":[],"operation":"migration_second_retry/TargetAllocated","record":"pt14-retry","result":"success"}
{"attempts":1,"failures":[],"operation":"final_cold_open/TargetAllocated","record":"pt14-retry","result":"success"}
{"active_generation":true,"failpoint":"TargetAllocated","old_or_new_only":true,"operation":"repository_open","record":"pt14-final-cold-reopen","selector_manifest_identity":"verified","stage":"final_cold_open/TargetAllocated"}
{"code":"FAULT_INJECTED","expected_selector_committed":false,"failpoint":"TargetAllocated","operation":"migration","raw_os_error":null,"record":"pt14-failpoint","stage":"TargetAllocated"}
{"attempts":1,"failures":[],"operation":"cold_open_after_failpoint/TargetAllocated","record":"pt14-retry","result":"success"}
{"active_generation":false,"failpoint":"TargetAllocated","old_or_new_only":true,"operation":"repository_open","record":"pt14-cold-reopen","stage":"cold_open_after_failpoint/TargetAllocated"}
{"attempts":1,"failures":[],"operation":"migration_retry_after_failpoint/TargetAllocated","record":"pt14-retry","result":"success"}
{"attempts":1,"failures":[],"operation":"cold_open_after_first_retry/TargetAllocated","record":"pt14-retry","result":"success"}
{"attempts":1,"failures":[],"operation":"migration_second_retry/TargetAllocated","record":"pt14-retry","result":"success"}
{"attempts":1,"failures":[],"operation":"final_cold_open/TargetAllocated","record":"pt14-retry","result":"success"}
{"active_generation":true,"failpoint":"TargetAllocated","old_or_new_only":true,"operation":"repository_open","record":"pt14-final-cold-reopen","selector_manifest_identity":"verified","stage":"final_cold_open/TargetAllocated"}
{"code":"FAULT_INJECTED","expected_selector_committed":false,"failpoint":"TargetAllocated","operation":"migration","raw_os_error":null,"record":"pt14-failpoint","stage":"TargetAllocated"}
{"attempts":1,"failures":[],"operation":"cold_open_after_failpoint/TargetAllocated","record":"pt14-retry","result":"success"}
{"active_generation":false,"failpoint":"TargetAllocated","old_or_new_only":true,"operation":"repository_open","record":"pt14-cold-reopen","stage":"cold_open_after_failpoint/TargetAllocated"}
{"attempts":1,"failures":[],"operation":"migration_retry_after_failpoint/TargetAllocated","record":"pt14-retry","result":"success"}
{"attempts":1,"failures":[],"operation":"cold_open_after_first_retry/TargetAllocated","record":"pt14-retry","result":"success"}
{"attempts":1,"failures":[],"operation":"migration_second_retry/TargetAllocated","record":"pt14-retry","result":"success"}
{"attempts":1,"failures":[],"operation":"final_cold_open/TargetAllocated","record":"pt14-retry","result":"success"}
{"active_generation":true,"failpoint":"TargetAllocated","old_or_new_only":true,"operation":"repository_open","record":"pt14-final-cold-reopen","selector_manifest_identity":"verified","stage":"final_cold_open/TargetAllocated"}
{"code":"FAULT_INJECTED","expected_selector_committed":false,"failpoint":"TargetAllocated","operation":"migration","raw_os_error":null,"record":"pt14-failpoint","stage":"TargetAllocated"}
{"attempts":1,"failures":[],"operation":"cold_open_after_failpoint/TargetAllocated","record":"pt14-retry","result":"success"}
{"active_generation":false,"failpoint":"TargetAllocated","old_or_new_only":true,"operation":"repository_open","record":"pt14-cold-reopen","stage":"cold_open_after_failpoint/TargetAllocated"}
{"attempts":1,"failures":[],"operation":"migration_retry_after_failpoint/TargetAllocated","record":"pt14-retry","result":"success"}
{"attempts":1,"failures":[],"operation":"cold_open_after_first_retry/TargetAllocated","record":"pt14-retry","result":"success"}
{"attempts":1,"failures":[],"operation":"migration_second_retry/TargetAllocated","record":"pt14-retry","result":"success"}
{"attempts":1,"failures":[],"operation":"final_cold_open/TargetAllocated","record":"pt14-retry","result":"success"}
{"active_generation":true,"failpoint":"TargetAllocated","old_or_new_only":true,"operation":"repository_open","record":"pt14-final-cold-reopen","selector_manifest_identity":"verified","stage":"final_cold_open/TargetAllocated"}
{"code":"FAULT_INJECTED","expected_selector_committed":false,"failpoint":"TargetAllocated","operation":"migration","raw_os_error":null,"record":"pt14-failpoint","stage":"TargetAllocated"}
{"attempts":1,"failures":[],"operation":"cold_open_after_failpoint/TargetAllocated","record":"pt14-retry","result":"success"}
{"active_generation":false,"failpoint":"TargetAllocated","old_or_new_only":true,"operation":"repository_open","record":"pt14-cold-reopen","stage":"cold_open_after_failpoint/TargetAllocated"}
{"attempts":1,"failures":[],"operation":"migration_retry_after_failpoint/TargetAllocated","record":"pt14-retry","result":"success"}
{"attempts":1,"failures":[],"operation":"cold_open_after_first_retry/TargetAllocated","record":"pt14-retry","result":"success"}
{"attempts":1,"failures":[],"operation":"migration_second_retry/TargetAllocated","record":"pt14-retry","result":"success"}
{"attempts":1,"failures":[],"operation":"final_cold_open/TargetAllocated","record":"pt14-retry","result":"success"}
{"active_generation":true,"failpoint":"TargetAllocated","old_or_new_only":true,"operation":"repository_open","record":"pt14-final-cold-reopen","selector_manifest_identity":"verified","stage":"final_cold_open/TargetAllocated"}
{"code":"FAULT_INJECTED","expected_selector_committed":false,"failpoint":"TargetAllocated","operation":"migration","raw_os_error":null,"record":"pt14-failpoint","stage":"TargetAllocated"}
{"attempts":1,"failures":[],"operation":"cold_open_after_failpoint/TargetAllocated","record":"pt14-retry","result":"success"}
{"active_generation":false,"failpoint":"TargetAllocated","old_or_new_only":true,"operation":"repository_open","record":"pt14-cold-reopen","stage":"cold_open_after_failpoint/TargetAllocated"}
{"attempts":1,"failures":[],"operation":"migration_retry_after_failpoint/TargetAllocated","record":"pt14-retry","result":"success"}
{"attempts":1,"failures":[],"operation":"cold_open_after_first_retry/TargetAllocated","record":"pt14-retry","result":"success"}
{"attempts":1,"failures":[],"operation":"migration_second_retry/TargetAllocated","record":"pt14-retry","result":"success"}
{"attempts":1,"failures":[],"operation":"final_cold_open/TargetAllocated","record":"pt14-retry","result":"success"}
{"active_generation":true,"failpoint":"TargetAllocated","old_or_new_only":true,"operation":"repository_open","record":"pt14-final-cold-reopen","selector_manifest_identity":"verified","stage":"final_cold_open/TargetAllocated"}
{"code":"FAULT_INJECTED","expected_selector_committed":false,"failpoint":"TargetAllocated","operation":"migration","raw_os_error":null,"record":"pt14-failpoint","stage":"TargetAllocated"}
{"attempts":1,"failures":[],"operation":"cold_open_after_failpoint/TargetAllocated","record":"pt14-retry","result":"success"}
{"active_generation":false,"failpoint":"TargetAllocated","old_or_new_only":true,"operation":"repository_open","record":"pt14-cold-reopen","stage":"cold_open_after_failpoint/TargetAllocated"}
{"attempts":1,"failures":[],"operation":"migration_retry_after_failpoint/TargetAllocated","record":"pt14-retry","result":"success"}
{"attempts":1,"failures":[],"operation":"cold_open_after_first_retry/TargetAllocated","record":"pt14-retry","result":"success"}
{"attempts":1,"failures":[],"operation":"migration_second_retry/TargetAllocated","record":"pt14-retry","result":"success"}
{"attempts":1,"failures":[],"operation":"final_cold_open/TargetAllocated","record":"pt14-retry","result":"success"}
{"active_generation":true,"failpoint":"TargetAllocated","old_or_new_only":true,"operation":"repository_open","record":"pt14-final-cold-reopen","selector_manifest_identity":"verified","stage":"final_cold_open/TargetAllocated"}
{"code":"FAULT_INJECTED","expected_selector_committed":false,"failpoint":"TargetAllocated","operation":"migration","raw_os_error":null,"record":"pt14-failpoint","stage":"TargetAllocated"}
{"attempts":1,"failures":[],"operation":"cold_open_after_failpoint/TargetAllocated","record":"pt14-retry","result":"success"}
{"active_generation":false,"failpoint":"TargetAllocated","old_or_new_only":true,"operation":"repository_open","record":"pt14-cold-reopen","stage":"cold_open_after_failpoint/TargetAllocated"}
{"attempts":1,"failures":[],"operation":"migration_retry_after_failpoint/TargetAllocated","record":"pt14-retry","result":"success"}
{"attempts":1,"failures":[],"operation":"cold_open_after_first_retry/TargetAllocated","record":"pt14-retry","result":"success"}
{"attempts":1,"failures":[],"operation":"migration_second_retry/TargetAllocated","record":"pt14-retry","result":"success"}
{"attempts":1,"failures":[],"operation":"final_cold_open/TargetAllocated","record":"pt14-retry","result":"success"}
{"active_generation":true,"failpoint":"TargetAllocated","old_or_new_only":true,"operation":"repository_open","record":"pt14-final-cold-reopen","selector_manifest_identity":"verified","stage":"final_cold_open/TargetAllocated"}
{"code":"FAULT_INJECTED","expected_selector_committed":false,"failpoint":"TargetAllocated","operation":"migration","raw_os_error":null,"record":"pt14-failpoint","stage":"TargetAllocated"}
{"attempts":1,"failures":[],"operation":"cold_open_after_failpoint/TargetAllocated","record":"pt14-retry","result":"success"}
{"active_generation":false,"failpoint":"TargetAllocated","old_or_new_only":true,"operation":"repository_open","record":"pt14-cold-reopen","stage":"cold_open_after_failpoint/TargetAllocated"}
{"attempts":1,"failures":[],"operation":"migration_retry_after_failpoint/TargetAllocated","record":"pt14-retry","result":"success"}
{"attempts":1,"failures":[],"operation":"cold_open_after_first_retry/TargetAllocated","record":"pt14-retry","result":"success"}
{"attempts":1,"failures":[],"operation":"migration_second_retry/TargetAllocated","record":"pt14-retry","result":"success"}
{"attempts":1,"failures":[],"operation":"final_cold_open/TargetAllocated","record":"pt14-retry","result":"success"}
{"active_generation":true,"failpoint":"TargetAllocated","old_or_new_only":true,"operation":"repository_open","record":"pt14-final-cold-reopen","selector_manifest_identity":"verified","stage":"final_cold_open/TargetAllocated"}
{"code":"FAULT_INJECTED","expected_selector_committed":false,"failpoint":"TargetAllocated","operation":"migration","raw_os_error":null,"record":"pt14-failpoint","stage":"TargetAllocated"}
{"attempts":1,"failures":[],"operation":"cold_open_after_failpoint/TargetAllocated","record":"pt14-retry","result":"success"}
{"active_generation":false,"failpoint":"TargetAllocated","old_or_new_only":true,"operation":"repository_open","record":"pt14-cold-reopen","stage":"cold_open_after_failpoint/TargetAllocated"}
{"attempts":1,"failures":[],"operation":"migration_retry_after_failpoint/TargetAllocated","record":"pt14-retry","result":"success"}
{"attempts":1,"failures":[],"operation":"cold_open_after_first_retry/TargetAllocated","record":"pt14-retry","result":"success"}
{"attempts":1,"failures":[],"operation":"migration_second_retry/TargetAllocated","record":"pt14-retry","result":"success"}
{"attempts":1,"failures":[],"operation":"final_cold_open/TargetAllocated","record":"pt14-retry","result":"success"}
{"active_generation":true,"failpoint":"TargetAllocated","old_or_new_only":true,"operation":"repository_open","record":"pt14-final-cold-reopen","selector_manifest_identity":"verified","stage":"final_cold_open/TargetAllocated"}
{"code":"FAULT_INJECTED","expected_selector_committed":false,"failpoint":"TargetAllocated","operation":"migration","raw_os_error":null,"record":"pt14-failpoint","stage":"TargetAllocated"}
{"attempts":1,"failures":[],"operation":"cold_open_after_failpoint/TargetAllocated","record":"pt14-retry","result":"success"}
{"active_generation":false,"failpoint":"TargetAllocated","old_or_new_only":true,"operation":"repository_open","record":"pt14-cold-reopen","stage":"cold_open_after_failpoint/TargetAllocated"}
{"attempts":1,"failures":[],"operation":"migration_retry_after_failpoint/TargetAllocated","record":"pt14-retry","result":"success"}
{"attempts":1,"failures":[],"operation":"cold_open_after_first_retry/TargetAllocated","record":"pt14-retry","result":"success"}
{"attempts":1,"failures":[],"operation":"migration_second_retry/TargetAllocated","record":"pt14-retry","result":"success"}
{"attempts":1,"failures":[],"operation":"final_cold_open/TargetAllocated","record":"pt14-retry","result":"success"}
{"active_generation":true,"failpoint":"TargetAllocated","old_or_new_only":true,"operation":"repository_open","record":"pt14-final-cold-reopen","selector_manifest_identity":"verified","stage":"final_cold_open/TargetAllocated"}
{"code":"FAULT_INJECTED","expected_selector_committed":false,"failpoint":"TargetAllocated","operation":"migration","raw_os_error":null,"record":"pt14-failpoint","stage":"TargetAllocated"}
{"attempts":1,"failures":[],"operation":"cold_open_after_failpoint/TargetAllocated","record":"pt14-retry","result":"success"}
{"active_generation":false,"failpoint":"TargetAllocated","old_or_new_only":true,"operation":"repository_open","record":"pt14-cold-reopen","stage":"cold_open_after_failpoint/TargetAllocated"}
{"attempts":1,"failures":[],"operation":"migration_retry_after_failpoint/TargetAllocated","record":"pt14-retry","result":"success"}
{"attempts":1,"failures":[],"operation":"cold_open_after_first_retry/TargetAllocated","record":"pt14-retry","result":"success"}
{"attempts":1,"failures":[],"operation":"migration_second_retry/TargetAllocated","record":"pt14-retry","result":"success"}
{"attempts":1,"failures":[],"operation":"final_cold_open/TargetAllocated","record":"pt14-retry","result":"success"}
{"active_generation":true,"failpoint":"TargetAllocated","old_or_new_only":true,"operation":"repository_open","record":"pt14-final-cold-reopen","selector_manifest_identity":"verified","stage":"final_cold_open/TargetAllocated"}
{"code":"FAULT_INJECTED","expected_selector_committed":false,"failpoint":"TargetAllocated","operation":"migration","raw_os_error":null,"record":"pt14-failpoint","stage":"TargetAllocated"}
{"attempts":1,"failures":[],"operation":"cold_open_after_failpoint/TargetAllocated","record":"pt14-retry","result":"success"}
{"active_generation":false,"failpoint":"TargetAllocated","old_or_new_only":true,"operation":"repository_open","record":"pt14-cold-reopen","stage":"cold_open_after_failpoint/TargetAllocated"}
{"attempts":1,"failures":[],"operation":"migration_retry_after_failpoint/TargetAllocated","record":"pt14-retry","result":"success"}
{"attempts":1,"failures":[],"operation":"cold_open_after_first_retry/TargetAllocated","record":"pt14-retry","result":"success"}
{"attempts":1,"failures":[],"operation":"migration_second_retry/TargetAllocated","record":"pt14-retry","result":"success"}
{"attempts":1,"failures":[],"operation":"final_cold_open/TargetAllocated","record":"pt14-retry","result":"success"}
{"active_generation":true,"failpoint":"TargetAllocated","old_or_new_only":true,"operation":"repository_open","record":"pt14-final-cold-reopen","selector_manifest_identity":"verified","stage":"final_cold_open/TargetAllocated"}
{"code":"FAULT_INJECTED","expected_selector_committed":false,"failpoint":"TargetAllocated","operation":"migration","raw_os_error":null,"record":"pt14-failpoint","stage":"TargetAllocated"}
{"attempts":1,"failures":[],"operation":"cold_open_after_failpoint/TargetAllocated","record":"pt14-retry","result":"success"}
{"active_generation":false,"failpoint":"TargetAllocated","old_or_new_only":true,"operation":"repository_open","record":"pt14-cold-reopen","stage":"cold_open_after_failpoint/TargetAllocated"}
{"attempts":1,"failures":[],"operation":"migration_retry_after_failpoint/TargetAllocated","record":"pt14-retry","result":"success"}
{"attempts":1,"failures":[],"operation":"cold_open_after_first_retry/TargetAllocated","record":"pt14-retry","result":"success"}
{"attempts":1,"failures":[],"operation":"migration_second_retry/TargetAllocated","record":"pt14-retry","result":"success"}
{"attempts":1,"failures":[],"operation":"final_cold_open/TargetAllocated","record":"pt14-retry","result":"success"}
{"active_generation":true,"failpoint":"TargetAllocated","old_or_new_only":true,"operation":"repository_open","record":"pt14-final-cold-reopen","selector_manifest_identity":"verified","stage":"final_cold_open/TargetAllocated"}
{"code":"FAULT_INJECTED","expected_selector_committed":false,"failpoint":"TargetAllocated","operation":"migration","raw_os_error":null,"record":"pt14-failpoint","stage":"TargetAllocated"}
{"attempts":1,"failures":[],"operation":"cold_open_after_failpoint/TargetAllocated","record":"pt14-retry","result":"success"}
{"active_generation":false,"failpoint":"TargetAllocated","old_or_new_only":true,"operation":"repository_open","record":"pt14-cold-reopen","stage":"cold_open_after_failpoint/TargetAllocated"}
{"attempts":1,"failures":[],"operation":"migration_retry_after_failpoint/TargetAllocated","record":"pt14-retry","result":"success"}
{"attempts":1,"failures":[],"operation":"cold_open_after_first_retry/TargetAllocated","record":"pt14-retry","result":"success"}
{"attempts":1,"failures":[],"operation":"migration_second_retry/TargetAllocated","record":"pt14-retry","result":"success"}
{"attempts":1,"failures":[],"operation":"final_cold_open/TargetAllocated","record":"pt14-retry","result":"success"}
{"active_generation":true,"failpoint":"TargetAllocated","old_or_new_only":true,"operation":"repository_open","record":"pt14-final-cold-reopen","selector_manifest_identity":"verified","stage":"final_cold_open/TargetAllocated"}
{"code":"FAULT_INJECTED","expected_selector_committed":false,"failpoint":"TargetAllocated","operation":"migration","raw_os_error":null,"record":"pt14-failpoint","stage":"TargetAllocated"}
{"attempts":1,"failures":[],"operation":"cold_open_after_failpoint/TargetAllocated","record":"pt14-retry","result":"success"}
{"active_generation":false,"failpoint":"TargetAllocated","old_or_new_only":true,"operation":"repository_open","record":"pt14-cold-reopen","stage":"cold_open_after_failpoint/TargetAllocated"}
{"attempts":1,"failures":[],"operation":"migration_retry_after_failpoint/TargetAllocated","record":"pt14-retry","result":"success"}
{"attempts":1,"failures":[],"operation":"cold_open_after_first_retry/TargetAllocated","record":"pt14-retry","result":"success"}
{"attempts":1,"failures":[],"operation":"migration_second_retry/TargetAllocated","record":"pt14-retry","result":"success"}
{"attempts":1,"failures":[],"operation":"final_cold_open/TargetAllocated","record":"pt14-retry","result":"success"}
{"active_generation":true,"failpoint":"TargetAllocated","old_or_new_only":true,"operation":"repository_open","record":"pt14-final-cold-reopen","selector_manifest_identity":"verified","stage":"final_cold_open/TargetAllocated"}
{"code":"FAULT_INJECTED","expected_selector_committed":false,"failpoint":"AfterBackup","operation":"migration","raw_os_error":null,"record":"pt14-failpoint","stage":"AfterBackup"}
{"attempts":1,"failures":[],"operation":"cold_open_after_failpoint/AfterBackup","record":"pt14-retry","result":"success"}
{"active_generation":false,"failpoint":"AfterBackup","old_or_new_only":true,"operation":"repository_open","record":"pt14-cold-reopen","stage":"cold_open_after_failpoint/AfterBackup"}
{"attempts":1,"failures":[],"operation":"migration_retry_after_failpoint/AfterBackup","record":"pt14-retry","result":"success"}
{"attempts":1,"failures":[],"operation":"cold_open_after_first_retry/AfterBackup","record":"pt14-retry","result":"success"}
{"attempts":1,"failures":[],"operation":"migration_second_retry/AfterBackup","record":"pt14-retry","result":"success"}
{"attempts":1,"failures":[],"operation":"final_cold_open/AfterBackup","record":"pt14-retry","result":"success"}
{"active_generation":true,"failpoint":"AfterBackup","old_or_new_only":true,"operation":"repository_open","record":"pt14-final-cold-reopen","selector_manifest_identity":"verified","stage":"final_cold_open/AfterBackup"}
{"code":"FAULT_INJECTED","expected_selector_committed":false,"failpoint":"AfterBackup","operation":"migration","raw_os_error":null,"record":"pt14-failpoint","stage":"AfterBackup"}
{"attempts":1,"failures":[],"operation":"cold_open_after_failpoint/AfterBackup","record":"pt14-retry","result":"success"}
{"active_generation":false,"failpoint":"AfterBackup","old_or_new_only":true,"operation":"repository_open","record":"pt14-cold-reopen","stage":"cold_open_after_failpoint/AfterBackup"}
{"attempts":1,"failures":[],"operation":"migration_retry_after_failpoint/AfterBackup","record":"pt14-retry","result":"success"}
{"attempts":1,"failures":[],"operation":"cold_open_after_first_retry/AfterBackup","record":"pt14-retry","result":"success"}
{"attempts":1,"failures":[],"operation":"migration_second_retry/AfterBackup","record":"pt14-retry","result":"success"}
{"attempts":1,"failures":[],"operation":"final_cold_open/AfterBackup","record":"pt14-retry","result":"success"}
{"active_generation":true,"failpoint":"AfterBackup","old_or_new_only":true,"operation":"repository_open","record":"pt14-final-cold-reopen","selector_manifest_identity":"verified","stage":"final_cold_open/AfterBackup"}
{"code":"FAULT_INJECTED","expected_selector_committed":false,"failpoint":"AfterBackup","operation":"migration","raw_os_error":null,"record":"pt14-failpoint","stage":"AfterBackup"}
{"attempts":1,"failures":[],"operation":"cold_open_after_failpoint/AfterBackup","record":"pt14-retry","result":"success"}
{"active_generation":false,"failpoint":"AfterBackup","old_or_new_only":true,"operation":"repository_open","record":"pt14-cold-reopen","stage":"cold_open_after_failpoint/AfterBackup"}
{"attempts":1,"failures":[],"operation":"migration_retry_after_failpoint/AfterBackup","record":"pt14-retry","result":"success"}
{"attempts":1,"failures":[],"operation":"cold_open_after_first_retry/AfterBackup","record":"pt14-retry","result":"success"}
{"attempts":1,"failures":[],"operation":"migration_second_retry/AfterBackup","record":"pt14-retry","result":"success"}
{"attempts":1,"failures":[],"operation":"final_cold_open/AfterBackup","record":"pt14-retry","result":"success"}
{"active_generation":true,"failpoint":"AfterBackup","old_or_new_only":true,"operation":"repository_open","record":"pt14-final-cold-reopen","selector_manifest_identity":"verified","stage":"final_cold_open/AfterBackup"}
{"code":"FAULT_INJECTED","expected_selector_committed":false,"failpoint":"AfterBackup","operation":"migration","raw_os_error":null,"record":"pt14-failpoint","stage":"AfterBackup"}
{"attempts":1,"failures":[],"operation":"cold_open_after_failpoint/AfterBackup","record":"pt14-retry","result":"success"}
{"active_generation":false,"failpoint":"AfterBackup","old_or_new_only":true,"operation":"repository_open","record":"pt14-cold-reopen","stage":"cold_open_after_failpoint/AfterBackup"}
{"attempts":1,"failures":[],"operation":"migration_retry_after_failpoint/AfterBackup","record":"pt14-retry","result":"success"}
{"attempts":1,"failures":[],"operation":"cold_open_after_first_retry/AfterBackup","record":"pt14-retry","result":"success"}
{"attempts":1,"failures":[],"operation":"migration_second_retry/AfterBackup","record":"pt14-retry","result":"success"}
{"attempts":1,"failures":[],"operation":"final_cold_open/AfterBackup","record":"pt14-retry","result":"success"}
{"active_generation":true,"failpoint":"AfterBackup","old_or_new_only":true,"operation":"repository_open","record":"pt14-final-cold-reopen","selector_manifest_identity":"verified","stage":"final_cold_open/AfterBackup"}
{"code":"FAULT_INJECTED","expected_selector_committed":false,"failpoint":"AfterBackup","operation":"migration","raw_os_error":null,"record":"pt14-failpoint","stage":"AfterBackup"}
{"attempts":1,"failures":[],"operation":"cold_open_after_failpoint/AfterBackup","record":"pt14-retry","result":"success"}
{"active_generation":false,"failpoint":"AfterBackup","old_or_new_only":true,"operation":"repository_open","record":"pt14-cold-reopen","stage":"cold_open_after_failpoint/AfterBackup"}
{"attempts":1,"failures":[],"operation":"migration_retry_after_failpoint/AfterBackup","record":"pt14-retry","result":"success"}
{"attempts":1,"failures":[],"operation":"cold_open_after_first_retry/AfterBackup","record":"pt14-retry","result":"success"}
{"attempts":1,"failures":[],"operation":"migration_second_retry/AfterBackup","record":"pt14-retry","result":"success"}
{"attempts":1,"failures":[],"operation":"final_cold_open/AfterBackup","record":"pt14-retry","result":"success"}
{"active_generation":true,"failpoint":"AfterBackup","old_or_new_only":true,"operation":"repository_open","record":"pt14-final-cold-reopen","selector_manifest_identity":"verified","stage":"final_cold_open/AfterBackup"}
{"code":"FAULT_INJECTED","expected_selector_committed":false,"failpoint":"AfterBackup","operation":"migration","raw_os_error":null,"record":"pt14-failpoint","stage":"AfterBackup"}
{"attempts":1,"failures":[],"operation":"cold_open_after_failpoint/AfterBackup","record":"pt14-retry","result":"success"}
{"active_generation":false,"failpoint":"AfterBackup","old_or_new_only":true,"operation":"repository_open","record":"pt14-cold-reopen","stage":"cold_open_after_failpoint/AfterBackup"}
{"attempts":1,"failures":[],"operation":"migration_retry_after_failpoint/AfterBackup","record":"pt14-retry","result":"success"}
{"attempts":1,"failures":[],"operation":"cold_open_after_first_retry/AfterBackup","record":"pt14-retry","result":"success"}
{"attempts":1,"failures":[],"operation":"migration_second_retry/AfterBackup","record":"pt14-retry","result":"success"}
{"attempts":1,"failures":[],"operation":"final_cold_open/AfterBackup","record":"pt14-retry","result":"success"}
{"active_generation":true,"failpoint":"AfterBackup","old_or_new_only":true,"operation":"repository_open","record":"pt14-final-cold-reopen","selector_manifest_identity":"verified","stage":"final_cold_open/AfterBackup"}
{"code":"FAULT_INJECTED","expected_selector_committed":false,"failpoint":"AfterBackup","operation":"migration","raw_os_error":null,"record":"pt14-failpoint","stage":"AfterBackup"}
{"attempts":1,"failures":[],"operation":"cold_open_after_failpoint/AfterBackup","record":"pt14-retry","result":"success"}
{"active_generation":false,"failpoint":"AfterBackup","old_or_new_only":true,"operation":"repository_open","record":"pt14-cold-reopen","stage":"cold_open_after_failpoint/AfterBackup"}
{"attempts":1,"failures":[],"operation":"migration_retry_after_failpoint/AfterBackup","record":"pt14-retry","result":"success"}
{"attempts":1,"failures":[],"operation":"cold_open_after_first_retry/AfterBackup","record":"pt14-retry","result":"success"}
{"attempts":1,"failures":[],"operation":"migration_second_retry/AfterBackup","record":"pt14-retry","result":"success"}
{"attempts":1,"failures":[],"operation":"final_cold_open/AfterBackup","record":"pt14-retry","result":"success"}
{"active_generation":true,"failpoint":"AfterBackup","old_or_new_only":true,"operation":"repository_open","record":"pt14-final-cold-reopen","selector_manifest_identity":"verified","stage":"final_cold_open/AfterBackup"}
{"code":"FAULT_INJECTED","expected_selector_committed":false,"failpoint":"AfterBackup","operation":"migration","raw_os_error":null,"record":"pt14-failpoint","stage":"AfterBackup"}
{"attempts":1,"failures":[],"operation":"cold_open_after_failpoint/AfterBackup","record":"pt14-retry","result":"success"}
{"active_generation":false,"failpoint":"AfterBackup","old_or_new_only":true,"operation":"repository_open","record":"pt14-cold-reopen","stage":"cold_open_after_failpoint/AfterBackup"}
{"attempts":1,"failures":[],"operation":"migration_retry_after_failpoint/AfterBackup","record":"pt14-retry","result":"success"}
{"attempts":1,"failures":[],"operation":"cold_open_after_first_retry/AfterBackup","record":"pt14-retry","result":"success"}
{"attempts":1,"failures":[],"operation":"migration_second_retry/AfterBackup","record":"pt14-retry","result":"success"}
{"attempts":1,"failures":[],"operation":"final_cold_open/AfterBackup","record":"pt14-retry","result":"success"}
{"active_generation":true,"failpoint":"AfterBackup","old_or_new_only":true,"operation":"repository_open","record":"pt14-final-cold-reopen","selector_manifest_identity":"verified","stage":"final_cold_open/AfterBackup"}
{"code":"FAULT_INJECTED","expected_selector_committed":false,"failpoint":"AfterBackup","operation":"migration","raw_os_error":null,"record":"pt14-failpoint","stage":"AfterBackup"}
{"attempts":1,"failures":[],"operation":"cold_open_after_failpoint/AfterBackup","record":"pt14-retry","result":"success"}
{"active_generation":false,"failpoint":"AfterBackup","old_or_new_only":true,"operation":"repository_open","record":"pt14-cold-reopen","stage":"cold_open_after_failpoint/AfterBackup"}
{"attempts":1,"failures":[],"operation":"migration_retry_after_failpoint/AfterBackup","record":"pt14-retry","result":"success"}
{"attempts":1,"failures":[],"operation":"cold_open_after_first_retry/AfterBackup","record":"pt14-retry","result":"success"}
{"attempts":1,"failures":[],"operation":"migration_second_retry/AfterBackup","record":"pt14-retry","result":"success"}
{"attempts":1,"failures":[],"operation":"final_cold_open/AfterBackup","record":"pt14-retry","result":"success"}
{"active_generation":true,"failpoint":"AfterBackup","old_or_new_only":true,"operation":"repository_open","record":"pt14-final-cold-reopen","selector_manifest_identity":"verified","stage":"final_cold_open/AfterBackup"}
{"code":"FAULT_INJECTED","expected_selector_committed":false,"failpoint":"AfterBackup","operation":"migration","raw_os_error":null,"record":"pt14-failpoint","stage":"AfterBackup"}
{"attempts":1,"failures":[],"operation":"cold_open_after_failpoint/AfterBackup","record":"pt14-retry","result":"success"}
{"active_generation":false,"failpoint":"AfterBackup","old_or_new_only":true,"operation":"repository_open","record":"pt14-cold-reopen","stage":"cold_open_after_failpoint/AfterBackup"}
{"attempts":1,"failures":[],"operation":"migration_retry_after_failpoint/AfterBackup","record":"pt14-retry","result":"success"}
{"attempts":1,"failures":[],"operation":"cold_open_after_first_retry/AfterBackup","record":"pt14-retry","result":"success"}
{"attempts":1,"failures":[],"operation":"migration_second_retry/AfterBackup","record":"pt14-retry","result":"success"}
{"attempts":1,"failures":[],"operation":"final_cold_open/AfterBackup","record":"pt14-retry","result":"success"}
{"active_generation":true,"failpoint":"AfterBackup","old_or_new_only":true,"operation":"repository_open","record":"pt14-final-cold-reopen","selector_manifest_identity":"verified","stage":"final_cold_open/AfterBackup"}
{"code":"FAULT_INJECTED","expected_selector_committed":false,"failpoint":"AfterBackup","operation":"migration","raw_os_error":null,"record":"pt14-failpoint","stage":"AfterBackup"}
{"attempts":1,"failures":[],"operation":"cold_open_after_failpoint/AfterBackup","record":"pt14-retry","result":"success"}
{"active_generation":false,"failpoint":"AfterBackup","old_or_new_only":true,"operation":"repository_open","record":"pt14-cold-reopen","stage":"cold_open_after_failpoint/AfterBackup"}
{"attempts":1,"failures":[],"operation":"migration_retry_after_failpoint/AfterBackup","record":"pt14-retry","result":"success"}
{"attempts":1,"failures":[],"operation":"cold_open_after_first_retry/AfterBackup","record":"pt14-retry","result":"success"}
{"attempts":1,"failures":[],"operation":"migration_second_retry/AfterBackup","record":"pt14-retry","result":"success"}
{"attempts":1,"failures":[],"operation":"final_cold_open/AfterBackup","record":"pt14-retry","result":"success"}
{"active_generation":true,"failpoint":"AfterBackup","old_or_new_only":true,"operation":"repository_open","record":"pt14-final-cold-reopen","selector_manifest_identity":"verified","stage":"final_cold_open/AfterBackup"}
{"code":"FAULT_INJECTED","expected_selector_committed":false,"failpoint":"AfterBackup","operation":"migration","raw_os_error":null,"record":"pt14-failpoint","stage":"AfterBackup"}
{"attempts":1,"failures":[],"operation":"cold_open_after_failpoint/AfterBackup","record":"pt14-retry","result":"success"}
{"active_generation":false,"failpoint":"AfterBackup","old_or_new_only":true,"operation":"repository_open","record":"pt14-cold-reopen","stage":"cold_open_after_failpoint/AfterBackup"}
{"attempts":1,"failures":[],"operation":"migration_retry_after_failpoint/AfterBackup","record":"pt14-retry","result":"success"}
{"attempts":1,"failures":[],"operation":"cold_open_after_first_retry/AfterBackup","record":"pt14-retry","result":"success"}
{"attempts":1,"failures":[],"operation":"migration_second_retry/AfterBackup","record":"pt14-retry","result":"success"}
{"attempts":1,"failures":[],"operation":"final_cold_open/AfterBackup","record":"pt14-retry","result":"success"}
{"active_generation":true,"failpoint":"AfterBackup","old_or_new_only":true,"operation":"repository_open","record":"pt14-final-cold-reopen","selector_manifest_identity":"verified","stage":"final_cold_open/AfterBackup"}
{"code":"FAULT_INJECTED","expected_selector_committed":false,"failpoint":"AfterBackup","operation":"migration","raw_os_error":null,"record":"pt14-failpoint","stage":"AfterBackup"}
{"attempts":1,"failures":[],"operation":"cold_open_after_failpoint/AfterBackup","record":"pt14-retry","result":"success"}
{"active_generation":false,"failpoint":"AfterBackup","old_or_new_only":true,"operation":"repository_open","record":"pt14-cold-reopen","stage":"cold_open_after_failpoint/AfterBackup"}
{"attempts":1,"failures":[],"operation":"migration_retry_after_failpoint/AfterBackup","record":"pt14-retry","result":"success"}
{"attempts":1,"failures":[],"operation":"cold_open_after_first_retry/AfterBackup","record":"pt14-retry","result":"success"}
{"attempts":1,"failures":[],"operation":"migration_second_retry/AfterBackup","record":"pt14-retry","result":"success"}
{"attempts":1,"failures":[],"operation":"final_cold_open/AfterBackup","record":"pt14-retry","result":"success"}
{"active_generation":true,"failpoint":"AfterBackup","old_or_new_only":true,"operation":"repository_open","record":"pt14-final-cold-reopen","selector_manifest_identity":"verified","stage":"final_cold_open/AfterBackup"}
{"code":"FAULT_INJECTED","expected_selector_committed":false,"failpoint":"AfterBackup","operation":"migration","raw_os_error":null,"record":"pt14-failpoint","stage":"AfterBackup"}
{"attempts":1,"failures":[],"operation":"cold_open_after_failpoint/AfterBackup","record":"pt14-retry","result":"success"}
{"active_generation":false,"failpoint":"AfterBackup","old_or_new_only":true,"operation":"repository_open","record":"pt14-cold-reopen","stage":"cold_open_after_failpoint/AfterBackup"}
{"attempts":1,"failures":[],"operation":"migration_retry_after_failpoint/AfterBackup","record":"pt14-retry","result":"success"}
{"attempts":1,"failures":[],"operation":"cold_open_after_first_retry/AfterBackup","record":"pt14-retry","result":"success"}
{"attempts":1,"failures":[],"operation":"migration_second_retry/AfterBackup","record":"pt14-retry","result":"success"}
{"attempts":1,"failures":[],"operation":"final_cold_open/AfterBackup","record":"pt14-retry","result":"success"}
{"active_generation":true,"failpoint":"AfterBackup","old_or_new_only":true,"operation":"repository_open","record":"pt14-final-cold-reopen","selector_manifest_identity":"verified","stage":"final_cold_open/AfterBackup"}
{"code":"FAULT_INJECTED","expected_selector_committed":false,"failpoint":"AfterBackup","operation":"migration","raw_os_error":null,"record":"pt14-failpoint","stage":"AfterBackup"}
{"attempts":1,"failures":[],"operation":"cold_open_after_failpoint/AfterBackup","record":"pt14-retry","result":"success"}
{"active_generation":false,"failpoint":"AfterBackup","old_or_new_only":true,"operation":"repository_open","record":"pt14-cold-reopen","stage":"cold_open_after_failpoint/AfterBackup"}
{"attempts":1,"failures":[],"operation":"migration_retry_after_failpoint/AfterBackup","record":"pt14-retry","result":"success"}
{"attempts":1,"failures":[],"operation":"cold_open_after_first_retry/AfterBackup","record":"pt14-retry","result":"success"}
{"attempts":1,"failures":[],"operation":"migration_second_retry/AfterBackup","record":"pt14-retry","result":"success"}
{"attempts":1,"failures":[],"operation":"final_cold_open/AfterBackup","record":"pt14-retry","result":"success"}
{"active_generation":true,"failpoint":"AfterBackup","old_or_new_only":true,"operation":"repository_open","record":"pt14-final-cold-reopen","selector_manifest_identity":"verified","stage":"final_cold_open/AfterBackup"}
{"code":"FAULT_INJECTED","expected_selector_committed":false,"failpoint":"AfterBackup","operation":"migration","raw_os_error":null,"record":"pt14-failpoint","stage":"AfterBackup"}
{"attempts":1,"failures":[],"operation":"cold_open_after_failpoint/AfterBackup","record":"pt14-retry","result":"success"}
{"active_generation":false,"failpoint":"AfterBackup","old_or_new_only":true,"operation":"repository_open","record":"pt14-cold-reopen","stage":"cold_open_after_failpoint/AfterBackup"}
{"attempts":1,"failures":[],"operation":"migration_retry_after_failpoint/AfterBackup","record":"pt14-retry","result":"success"}
{"attempts":1,"failures":[],"operation":"cold_open_after_first_retry/AfterBackup","record":"pt14-retry","result":"success"}
{"attempts":1,"failures":[],"operation":"migration_second_retry/AfterBackup","record":"pt14-retry","result":"success"}
{"attempts":1,"failures":[],"operation":"final_cold_open/AfterBackup","record":"pt14-retry","result":"success"}
{"active_generation":true,"failpoint":"AfterBackup","old_or_new_only":true,"operation":"repository_open","record":"pt14-final-cold-reopen","selector_manifest_identity":"verified","stage":"final_cold_open/AfterBackup"}
{"code":"FAULT_INJECTED","expected_selector_committed":false,"failpoint":"AfterBackup","operation":"migration","raw_os_error":null,"record":"pt14-failpoint","stage":"AfterBackup"}
{"attempts":1,"failures":[],"operation":"cold_open_after_failpoint/AfterBackup","record":"pt14-retry","result":"success"}
{"active_generation":false,"failpoint":"AfterBackup","old_or_new_only":true,"operation":"repository_open","record":"pt14-cold-reopen","stage":"cold_open_after_failpoint/AfterBackup"}
{"attempts":1,"failures":[],"operation":"migration_retry_after_failpoint/AfterBackup","record":"pt14-retry","result":"success"}
{"attempts":1,"failures":[],"operation":"cold_open_after_first_retry/AfterBackup","record":"pt14-retry","result":"success"}
{"attempts":1,"failures":[],"operation":"migration_second_retry/AfterBackup","record":"pt14-retry","result":"success"}
{"attempts":1,"failures":[],"operation":"final_cold_open/AfterBackup","record":"pt14-retry","result":"success"}
{"active_generation":true,"failpoint":"AfterBackup","old_or_new_only":true,"operation":"repository_open","record":"pt14-final-cold-reopen","selector_manifest_identity":"verified","stage":"final_cold_open/AfterBackup"}
{"code":"FAULT_INJECTED","expected_selector_committed":false,"failpoint":"AfterBackup","operation":"migration","raw_os_error":null,"record":"pt14-failpoint","stage":"AfterBackup"}
{"attempts":1,"failures":[],"operation":"cold_open_after_failpoint/AfterBackup","record":"pt14-retry","result":"success"}
{"active_generation":false,"failpoint":"AfterBackup","old_or_new_only":true,"operation":"repository_open","record":"pt14-cold-reopen","stage":"cold_open_after_failpoint/AfterBackup"}
{"attempts":1,"failures":[],"operation":"migration_retry_after_failpoint/AfterBackup","record":"pt14-retry","result":"success"}
{"attempts":1,"failures":[],"operation":"cold_open_after_first_retry/AfterBackup","record":"pt14-retry","result":"success"}
{"attempts":1,"failures":[],"operation":"migration_second_retry/AfterBackup","record":"pt14-retry","result":"success"}
{"attempts":1,"failures":[],"operation":"final_cold_open/AfterBackup","record":"pt14-retry","result":"success"}
{"active_generation":true,"failpoint":"AfterBackup","old_or_new_only":true,"operation":"repository_open","record":"pt14-final-cold-reopen","selector_manifest_identity":"verified","stage":"final_cold_open/AfterBackup"}
{"code":"FAULT_INJECTED","expected_selector_committed":false,"failpoint":"AfterBackup","operation":"migration","raw_os_error":null,"record":"pt14-failpoint","stage":"AfterBackup"}
{"attempts":1,"failures":[],"operation":"cold_open_after_failpoint/AfterBackup","record":"pt14-retry","result":"success"}
{"active_generation":false,"failpoint":"AfterBackup","old_or_new_only":true,"operation":"repository_open","record":"pt14-cold-reopen","stage":"cold_open_after_failpoint/AfterBackup"}
{"attempts":1,"failures":[],"operation":"migration_retry_after_failpoint/AfterBackup","record":"pt14-retry","result":"success"}
{"attempts":1,"failures":[],"operation":"cold_open_after_first_retry/AfterBackup","record":"pt14-retry","result":"success"}
{"attempts":1,"failures":[],"operation":"migration_second_retry/AfterBackup","record":"pt14-retry","result":"success"}
{"attempts":1,"failures":[],"operation":"final_cold_open/AfterBackup","record":"pt14-retry","result":"success"}
{"active_generation":true,"failpoint":"AfterBackup","old_or_new_only":true,"operation":"repository_open","record":"pt14-final-cold-reopen","selector_manifest_identity":"verified","stage":"final_cold_open/AfterBackup"}
{"code":"FAULT_INJECTED","expected_selector_committed":false,"failpoint":"AfterBackup","operation":"migration","raw_os_error":null,"record":"pt14-failpoint","stage":"AfterBackup"}
{"attempts":1,"failures":[],"operation":"cold_open_after_failpoint/AfterBackup","record":"pt14-retry","result":"success"}
{"active_generation":false,"failpoint":"AfterBackup","old_or_new_only":true,"operation":"repository_open","record":"pt14-cold-reopen","stage":"cold_open_after_failpoint/AfterBackup"}
{"attempts":1,"failures":[],"operation":"migration_retry_after_failpoint/AfterBackup","record":"pt14-retry","result":"success"}
{"attempts":1,"failures":[],"operation":"cold_open_after_first_retry/AfterBackup","record":"pt14-retry","result":"success"}
{"attempts":1,"failures":[],"operation":"migration_second_retry/AfterBackup","record":"pt14-retry","result":"success"}
{"attempts":1,"failures":[],"operation":"final_cold_open/AfterBackup","record":"pt14-retry","result":"success"}
{"active_generation":true,"failpoint":"AfterBackup","old_or_new_only":true,"operation":"repository_open","record":"pt14-final-cold-reopen","selector_manifest_identity":"verified","stage":"final_cold_open/AfterBackup"}
{"code":"FAULT_INJECTED","expected_selector_committed":false,"failpoint":"AfterBackup","operation":"migration","raw_os_error":null,"record":"pt14-failpoint","stage":"AfterBackup"}
{"attempts":1,"failures":[],"operation":"cold_open_after_failpoint/AfterBackup","record":"pt14-retry","result":"success"}
{"active_generation":false,"failpoint":"AfterBackup","old_or_new_only":true,"operation":"repository_open","record":"pt14-cold-reopen","stage":"cold_open_after_failpoint/AfterBackup"}
{"attempts":1,"failures":[],"operation":"migration_retry_after_failpoint/AfterBackup","record":"pt14-retry","result":"success"}
{"attempts":1,"failures":[],"operation":"cold_open_after_first_retry/AfterBackup","record":"pt14-retry","result":"success"}
{"attempts":1,"failures":[],"operation":"migration_second_retry/AfterBackup","record":"pt14-retry","result":"success"}
{"attempts":1,"failures":[],"operation":"final_cold_open/AfterBackup","record":"pt14-retry","result":"success"}
{"active_generation":true,"failpoint":"AfterBackup","old_or_new_only":true,"operation":"repository_open","record":"pt14-final-cold-reopen","selector_manifest_identity":"verified","stage":"final_cold_open/AfterBackup"}
{"code":"FAULT_INJECTED","expected_selector_committed":false,"failpoint":"AfterBackup","operation":"migration","raw_os_error":null,"record":"pt14-failpoint","stage":"AfterBackup"}
{"attempts":1,"failures":[],"operation":"cold_open_after_failpoint/AfterBackup","record":"pt14-retry","result":"success"}
{"active_generation":false,"failpoint":"AfterBackup","old_or_new_only":true,"operation":"repository_open","record":"pt14-cold-reopen","stage":"cold_open_after_failpoint/AfterBackup"}
{"attempts":1,"failures":[],"operation":"migration_retry_after_failpoint/AfterBackup","record":"pt14-retry","result":"success"}
{"attempts":1,"failures":[],"operation":"cold_open_after_first_retry/AfterBackup","record":"pt14-retry","result":"success"}
{"attempts":1,"failures":[],"operation":"migration_second_retry/AfterBackup","record":"pt14-retry","result":"success"}
{"attempts":1,"failures":[],"operation":"final_cold_open/AfterBackup","record":"pt14-retry","result":"success"}
{"active_generation":true,"failpoint":"AfterBackup","old_or_new_only":true,"operation":"repository_open","record":"pt14-final-cold-reopen","selector_manifest_identity":"verified","stage":"final_cold_open/AfterBackup"}
{"code":"FAULT_INJECTED","expected_selector_committed":false,"failpoint":"AfterBackup","operation":"migration","raw_os_error":null,"record":"pt14-failpoint","stage":"AfterBackup"}
{"attempts":1,"failures":[],"operation":"cold_open_after_failpoint/AfterBackup","record":"pt14-retry","result":"success"}
{"active_generation":false,"failpoint":"AfterBackup","old_or_new_only":true,"operation":"repository_open","record":"pt14-cold-reopen","stage":"cold_open_after_failpoint/AfterBackup"}
{"attempts":1,"failures":[],"operation":"migration_retry_after_failpoint/AfterBackup","record":"pt14-retry","result":"success"}
{"attempts":1,"failures":[],"operation":"cold_open_after_first_retry/AfterBackup","record":"pt14-retry","result":"success"}
{"attempts":1,"failures":[],"operation":"migration_second_retry/AfterBackup","record":"pt14-retry","result":"success"}
{"attempts":1,"failures":[],"operation":"final_cold_open/AfterBackup","record":"pt14-retry","result":"success"}
{"active_generation":true,"failpoint":"AfterBackup","old_or_new_only":true,"operation":"repository_open","record":"pt14-final-cold-reopen","selector_manifest_identity":"verified","stage":"final_cold_open/AfterBackup"}
{"code":"FAULT_INJECTED","expected_selector_committed":false,"failpoint":"AfterBackup","operation":"migration","raw_os_error":null,"record":"pt14-failpoint","stage":"AfterBackup"}
{"attempts":1,"failures":[],"operation":"cold_open_after_failpoint/AfterBackup","record":"pt14-retry","result":"success"}
{"active_generation":false,"failpoint":"AfterBackup","old_or_new_only":true,"operation":"repository_open","record":"pt14-cold-reopen","stage":"cold_open_after_failpoint/AfterBackup"}
{"attempts":1,"failures":[],"operation":"migration_retry_after_failpoint/AfterBackup","record":"pt14-retry","result":"success"}
{"attempts":1,"failures":[],"operation":"cold_open_after_first_retry/AfterBackup","record":"pt14-retry","result":"success"}
{"attempts":1,"failures":[],"operation":"migration_second_retry/AfterBackup","record":"pt14-retry","result":"success"}
{"attempts":1,"failures":[],"operation":"final_cold_open/AfterBackup","record":"pt14-retry","result":"success"}
{"active_generation":true,"failpoint":"AfterBackup","old_or_new_only":true,"operation":"repository_open","record":"pt14-final-cold-reopen","selector_manifest_identity":"verified","stage":"final_cold_open/AfterBackup"}
{"code":"FAULT_INJECTED","expected_selector_committed":false,"failpoint":"AfterBackup","operation":"migration","raw_os_error":null,"record":"pt14-failpoint","stage":"AfterBackup"}
{"attempts":1,"failures":[],"operation":"cold_open_after_failpoint/AfterBackup","record":"pt14-retry","result":"success"}
{"active_generation":false,"failpoint":"AfterBackup","old_or_new_only":true,"operation":"repository_open","record":"pt14-cold-reopen","stage":"cold_open_after_failpoint/AfterBackup"}
{"attempts":1,"failures":[],"operation":"migration_retry_after_failpoint/AfterBackup","record":"pt14-retry","result":"success"}
{"attempts":1,"failures":[],"operation":"cold_open_after_first_retry/AfterBackup","record":"pt14-retry","result":"success"}
{"attempts":1,"failures":[],"operation":"migration_second_retry/AfterBackup","record":"pt14-retry","result":"success"}
{"attempts":1,"failures":[],"operation":"final_cold_open/AfterBackup","record":"pt14-retry","result":"success"}
{"active_generation":true,"failpoint":"AfterBackup","old_or_new_only":true,"operation":"repository_open","record":"pt14-final-cold-reopen","selector_manifest_identity":"verified","stage":"final_cold_open/AfterBackup"}
{"code":"FAULT_INJECTED","expected_selector_committed":false,"failpoint":"AfterBackup","operation":"migration","raw_os_error":null,"record":"pt14-failpoint","stage":"AfterBackup"}
{"attempts":1,"failures":[],"operation":"cold_open_after_failpoint/AfterBackup","record":"pt14-retry","result":"success"}
{"active_generation":false,"failpoint":"AfterBackup","old_or_new_only":true,"operation":"repository_open","record":"pt14-cold-reopen","stage":"cold_open_after_failpoint/AfterBackup"}
{"attempts":1,"failures":[],"operation":"migration_retry_after_failpoint/AfterBackup","record":"pt14-retry","result":"success"}
{"attempts":1,"failures":[],"operation":"cold_open_after_first_retry/AfterBackup","record":"pt14-retry","result":"success"}
{"attempts":1,"failures":[],"operation":"migration_second_retry/AfterBackup","record":"pt14-retry","result":"success"}
{"attempts":1,"failures":[],"operation":"final_cold_open/AfterBackup","record":"pt14-retry","result":"success"}
{"active_generation":true,"failpoint":"AfterBackup","old_or_new_only":true,"operation":"repository_open","record":"pt14-final-cold-reopen","selector_manifest_identity":"verified","stage":"final_cold_open/AfterBackup"}
{"code":"FAULT_INJECTED","expected_selector_committed":false,"failpoint":"AfterBackup","operation":"migration","raw_os_error":null,"record":"pt14-failpoint","stage":"AfterBackup"}
{"attempts":1,"failures":[],"operation":"cold_open_after_failpoint/AfterBackup","record":"pt14-retry","result":"success"}
{"active_generation":false,"failpoint":"AfterBackup","old_or_new_only":true,"operation":"repository_open","record":"pt14-cold-reopen","stage":"cold_open_after_failpoint/AfterBackup"}
{"attempts":1,"failures":[],"operation":"migration_retry_after_failpoint/AfterBackup","record":"pt14-retry","result":"success"}
{"attempts":1,"failures":[],"operation":"cold_open_after_first_retry/AfterBackup","record":"pt14-retry","result":"success"}
{"attempts":1,"failures":[],"operation":"migration_second_retry/AfterBackup","record":"pt14-retry","result":"success"}
{"attempts":1,"failures":[],"operation":"final_cold_open/AfterBackup","record":"pt14-retry","result":"success"}
{"active_generation":true,"failpoint":"AfterBackup","old_or_new_only":true,"operation":"repository_open","record":"pt14-final-cold-reopen","selector_manifest_identity":"verified","stage":"final_cold_open/AfterBackup"}
{"code":"FAULT_INJECTED","expected_selector_committed":false,"failpoint":"AfterBackup","operation":"migration","raw_os_error":null,"record":"pt14-failpoint","stage":"AfterBackup"}
{"attempts":1,"failures":[],"operation":"cold_open_after_failpoint/AfterBackup","record":"pt14-retry","result":"success"}
{"active_generation":false,"failpoint":"AfterBackup","old_or_new_only":true,"operation":"repository_open","record":"pt14-cold-reopen","stage":"cold_open_after_failpoint/AfterBackup"}
{"attempts":1,"failures":[],"operation":"migration_retry_after_failpoint/AfterBackup","record":"pt14-retry","result":"success"}
{"attempts":1,"failures":[],"operation":"cold_open_after_first_retry/AfterBackup","record":"pt14-retry","result":"success"}
{"attempts":1,"failures":[],"operation":"migration_second_retry/AfterBackup","record":"pt14-retry","result":"success"}
{"attempts":1,"failures":[],"operation":"final_cold_open/AfterBackup","record":"pt14-retry","result":"success"}
{"active_generation":true,"failpoint":"AfterBackup","old_or_new_only":true,"operation":"repository_open","record":"pt14-final-cold-reopen","selector_manifest_identity":"verified","stage":"final_cold_open/AfterBackup"}
{"code":"FAULT_INJECTED","expected_selector_committed":false,"failpoint":"AfterBackup","operation":"migration","raw_os_error":null,"record":"pt14-failpoint","stage":"AfterBackup"}
{"attempts":1,"failures":[],"operation":"cold_open_after_failpoint/AfterBackup","record":"pt14-retry","result":"success"}
{"active_generation":false,"failpoint":"AfterBackup","old_or_new_only":true,"operation":"repository_open","record":"pt14-cold-reopen","stage":"cold_open_after_failpoint/AfterBackup"}
{"attempts":1,"failures":[],"operation":"migration_retry_after_failpoint/AfterBackup","record":"pt14-retry","result":"success"}
{"attempts":1,"failures":[],"operation":"cold_open_after_first_retry/AfterBackup","record":"pt14-retry","result":"success"}
{"attempts":1,"failures":[],"operation":"migration_second_retry/AfterBackup","record":"pt14-retry","result":"success"}
{"attempts":1,"failures":[],"operation":"final_cold_open/AfterBackup","record":"pt14-retry","result":"success"}
{"active_generation":true,"failpoint":"AfterBackup","old_or_new_only":true,"operation":"repository_open","record":"pt14-final-cold-reopen","selector_manifest_identity":"verified","stage":"final_cold_open/AfterBackup"}
{"code":"FAULT_INJECTED","expected_selector_committed":false,"failpoint":"AfterCheckpoint","operation":"migration","raw_os_error":null,"record":"pt14-failpoint","stage":"AfterCheckpoint"}
{"attempts":1,"failures":[],"operation":"cold_open_after_failpoint/AfterCheckpoint","record":"pt14-retry","result":"success"}
{"active_generation":false,"failpoint":"AfterCheckpoint","old_or_new_only":true,"operation":"repository_open","record":"pt14-cold-reopen","stage":"cold_open_after_failpoint/AfterCheckpoint"}
{"attempts":1,"failures":[],"operation":"migration_retry_after_failpoint/AfterCheckpoint","record":"pt14-retry","result":"success"}
{"attempts":1,"failures":[],"operation":"cold_open_after_first_retry/AfterCheckpoint","record":"pt14-retry","result":"success"}
{"attempts":1,"failures":[],"operation":"migration_second_retry/AfterCheckpoint","record":"pt14-retry","result":"success"}
{"attempts":1,"failures":[],"operation":"final_cold_open/AfterCheckpoint","record":"pt14-retry","result":"success"}
{"active_generation":true,"failpoint":"AfterCheckpoint","old_or_new_only":true,"operation":"repository_open","record":"pt14-final-cold-reopen","selector_manifest_identity":"verified","stage":"final_cold_open/AfterCheckpoint"}
{"code":"FAULT_INJECTED","expected_selector_committed":false,"failpoint":"AfterCheckpoint","operation":"migration","raw_os_error":null,"record":"pt14-failpoint","stage":"AfterCheckpoint"}
{"attempts":1,"failures":[],"operation":"cold_open_after_failpoint/AfterCheckpoint","record":"pt14-retry","result":"success"}
{"active_generation":false,"failpoint":"AfterCheckpoint","old_or_new_only":true,"operation":"repository_open","record":"pt14-cold-reopen","stage":"cold_open_after_failpoint/AfterCheckpoint"}
{"attempts":1,"failures":[],"operation":"migration_retry_after_failpoint/AfterCheckpoint","record":"pt14-retry","result":"success"}
{"attempts":1,"failures":[],"operation":"cold_open_after_first_retry/AfterCheckpoint","record":"pt14-retry","result":"success"}
{"attempts":1,"failures":[],"operation":"migration_second_retry/AfterCheckpoint","record":"pt14-retry","result":"success"}
{"attempts":1,"failures":[],"operation":"final_cold_open/AfterCheckpoint","record":"pt14-retry","result":"success"}
{"active_generation":true,"failpoint":"AfterCheckpoint","old_or_new_only":true,"operation":"repository_open","record":"pt14-final-cold-reopen","selector_manifest_identity":"verified","stage":"final_cold_open/AfterCheckpoint"}
{"code":"FAULT_INJECTED","expected_selector_committed":false,"failpoint":"AfterCheckpoint","operation":"migration","raw_os_error":null,"record":"pt14-failpoint","stage":"AfterCheckpoint"}
{"attempts":1,"failures":[],"operation":"cold_open_after_failpoint/AfterCheckpoint","record":"pt14-retry","result":"success"}
{"active_generation":false,"failpoint":"AfterCheckpoint","old_or_new_only":true,"operation":"repository_open","record":"pt14-cold-reopen","stage":"cold_open_after_failpoint/AfterCheckpoint"}
{"attempts":1,"failures":[],"operation":"migration_retry_after_failpoint/AfterCheckpoint","record":"pt14-retry","result":"success"}
{"attempts":1,"failures":[],"operation":"cold_open_after_first_retry/AfterCheckpoint","record":"pt14-retry","result":"success"}
{"attempts":1,"failures":[],"operation":"migration_second_retry/AfterCheckpoint","record":"pt14-retry","result":"success"}
{"attempts":1,"failures":[],"operation":"final_cold_open/AfterCheckpoint","record":"pt14-retry","result":"success"}
{"active_generation":true,"failpoint":"AfterCheckpoint","old_or_new_only":true,"operation":"repository_open","record":"pt14-final-cold-reopen","selector_manifest_identity":"verified","stage":"final_cold_open/AfterCheckpoint"}
{"code":"FAULT_INJECTED","expected_selector_committed":false,"failpoint":"AfterCheckpoint","operation":"migration","raw_os_error":null,"record":"pt14-failpoint","stage":"AfterCheckpoint"}
{"attempts":1,"failures":[],"operation":"cold_open_after_failpoint/AfterCheckpoint","record":"pt14-retry","result":"success"}
{"active_generation":false,"failpoint":"AfterCheckpoint","old_or_new_only":true,"operation":"repository_open","record":"pt14-cold-reopen","stage":"cold_open_after_failpoint/AfterCheckpoint"}
{"attempts":1,"failures":[],"operation":"migration_retry_after_failpoint/AfterCheckpoint","record":"pt14-retry","result":"success"}
{"attempts":1,"failures":[],"operation":"cold_open_after_first_retry/AfterCheckpoint","record":"pt14-retry","result":"success"}
{"attempts":1,"failures":[],"operation":"migration_second_retry/AfterCheckpoint","record":"pt14-retry","result":"success"}
{"attempts":1,"failures":[],"operation":"final_cold_open/AfterCheckpoint","record":"pt14-retry","result":"success"}
{"active_generation":true,"failpoint":"AfterCheckpoint","old_or_new_only":true,"operation":"repository_open","record":"pt14-final-cold-reopen","selector_manifest_identity":"verified","stage":"final_cold_open/AfterCheckpoint"}
{"code":"FAULT_INJECTED","expected_selector_committed":false,"failpoint":"AfterCheckpoint","operation":"migration","raw_os_error":null,"record":"pt14-failpoint","stage":"AfterCheckpoint"}
{"attempts":1,"failures":[],"operation":"cold_open_after_failpoint/AfterCheckpoint","record":"pt14-retry","result":"success"}
{"active_generation":false,"failpoint":"AfterCheckpoint","old_or_new_only":true,"operation":"repository_open","record":"pt14-cold-reopen","stage":"cold_open_after_failpoint/AfterCheckpoint"}
{"attempts":1,"failures":[],"operation":"migration_retry_after_failpoint/AfterCheckpoint","record":"pt14-retry","result":"success"}
{"attempts":1,"failures":[],"operation":"cold_open_after_first_retry/AfterCheckpoint","record":"pt14-retry","result":"success"}
{"attempts":1,"failures":[],"operation":"migration_second_retry/AfterCheckpoint","record":"pt14-retry","result":"success"}
{"attempts":1,"failures":[],"operation":"final_cold_open/AfterCheckpoint","record":"pt14-retry","result":"success"}
{"active_generation":true,"failpoint":"AfterCheckpoint","old_or_new_only":true,"operation":"repository_open","record":"pt14-final-cold-reopen","selector_manifest_identity":"verified","stage":"final_cold_open/AfterCheckpoint"}
{"code":"FAULT_INJECTED","expected_selector_committed":false,"failpoint":"AfterCheckpoint","operation":"migration","raw_os_error":null,"record":"pt14-failpoint","stage":"AfterCheckpoint"}
{"attempts":1,"failures":[],"operation":"cold_open_after_failpoint/AfterCheckpoint","record":"pt14-retry","result":"success"}
{"active_generation":false,"failpoint":"AfterCheckpoint","old_or_new_only":true,"operation":"repository_open","record":"pt14-cold-reopen","stage":"cold_open_after_failpoint/AfterCheckpoint"}
{"attempts":1,"failures":[],"operation":"migration_retry_after_failpoint/AfterCheckpoint","record":"pt14-retry","result":"success"}
{"attempts":1,"failures":[],"operation":"cold_open_after_first_retry/AfterCheckpoint","record":"pt14-retry","result":"success"}
{"attempts":1,"failures":[],"operation":"migration_second_retry/AfterCheckpoint","record":"pt14-retry","result":"success"}
{"attempts":1,"failures":[],"operation":"final_cold_open/AfterCheckpoint","record":"pt14-retry","result":"success"}
{"active_generation":true,"failpoint":"AfterCheckpoint","old_or_new_only":true,"operation":"repository_open","record":"pt14-final-cold-reopen","selector_manifest_identity":"verified","stage":"final_cold_open/AfterCheckpoint"}
{"code":"FAULT_INJECTED","expected_selector_committed":false,"failpoint":"AfterCheckpoint","operation":"migration","raw_os_error":null,"record":"pt14-failpoint","stage":"AfterCheckpoint"}
{"attempts":1,"failures":[],"operation":"cold_open_after_failpoint/AfterCheckpoint","record":"pt14-retry","result":"success"}
{"active_generation":false,"failpoint":"AfterCheckpoint","old_or_new_only":true,"operation":"repository_open","record":"pt14-cold-reopen","stage":"cold_open_after_failpoint/AfterCheckpoint"}
{"attempts":1,"failures":[],"operation":"migration_retry_after_failpoint/AfterCheckpoint","record":"pt14-retry","result":"success"}
{"attempts":1,"failures":[],"operation":"cold_open_after_first_retry/AfterCheckpoint","record":"pt14-retry","result":"success"}
{"attempts":1,"failures":[],"operation":"migration_second_retry/AfterCheckpoint","record":"pt14-retry","result":"success"}
{"attempts":1,"failures":[],"operation":"final_cold_open/AfterCheckpoint","record":"pt14-retry","result":"success"}
{"active_generation":true,"failpoint":"AfterCheckpoint","old_or_new_only":true,"operation":"repository_open","record":"pt14-final-cold-reopen","selector_manifest_identity":"verified","stage":"final_cold_open/AfterCheckpoint"}
{"code":"FAULT_INJECTED","expected_selector_committed":false,"failpoint":"AfterCheckpoint","operation":"migration","raw_os_error":null,"record":"pt14-failpoint","stage":"AfterCheckpoint"}
{"attempts":1,"failures":[],"operation":"cold_open_after_failpoint/AfterCheckpoint","record":"pt14-retry","result":"success"}
{"active_generation":false,"failpoint":"AfterCheckpoint","old_or_new_only":true,"operation":"repository_open","record":"pt14-cold-reopen","stage":"cold_open_after_failpoint/AfterCheckpoint"}
{"attempts":1,"failures":[],"operation":"migration_retry_after_failpoint/AfterCheckpoint","record":"pt14-retry","result":"success"}
{"attempts":1,"failures":[],"operation":"cold_open_after_first_retry/AfterCheckpoint","record":"pt14-retry","result":"success"}
{"attempts":1,"failures":[],"operation":"migration_second_retry/AfterCheckpoint","record":"pt14-retry","result":"success"}
{"attempts":1,"failures":[],"operation":"final_cold_open/AfterCheckpoint","record":"pt14-retry","result":"success"}
{"active_generation":true,"failpoint":"AfterCheckpoint","old_or_new_only":true,"operation":"repository_open","record":"pt14-final-cold-reopen","selector_manifest_identity":"verified","stage":"final_cold_open/AfterCheckpoint"}
{"code":"FAULT_INJECTED","expected_selector_committed":false,"failpoint":"AfterCheckpoint","operation":"migration","raw_os_error":null,"record":"pt14-failpoint","stage":"AfterCheckpoint"}
{"attempts":1,"failures":[],"operation":"cold_open_after_failpoint/AfterCheckpoint","record":"pt14-retry","result":"success"}
{"active_generation":false,"failpoint":"AfterCheckpoint","old_or_new_only":true,"operation":"repository_open","record":"pt14-cold-reopen","stage":"cold_open_after_failpoint/AfterCheckpoint"}
{"attempts":1,"failures":[],"operation":"migration_retry_after_failpoint/AfterCheckpoint","record":"pt14-retry","result":"success"}
{"attempts":1,"failures":[],"operation":"cold_open_after_first_retry/AfterCheckpoint","record":"pt14-retry","result":"success"}
{"attempts":1,"failures":[],"operation":"migration_second_retry/AfterCheckpoint","record":"pt14-retry","result":"success"}
{"attempts":1,"failures":[],"operation":"final_cold_open/AfterCheckpoint","record":"pt14-retry","result":"success"}
{"active_generation":true,"failpoint":"AfterCheckpoint","old_or_new_only":true,"operation":"repository_open","record":"pt14-final-cold-reopen","selector_manifest_identity":"verified","stage":"final_cold_open/AfterCheckpoint"}
{"code":"FAULT_INJECTED","expected_selector_committed":false,"failpoint":"AfterCheckpoint","operation":"migration","raw_os_error":null,"record":"pt14-failpoint","stage":"AfterCheckpoint"}
{"attempts":1,"failures":[],"operation":"cold_open_after_failpoint/AfterCheckpoint","record":"pt14-retry","result":"success"}
{"active_generation":false,"failpoint":"AfterCheckpoint","old_or_new_only":true,"operation":"repository_open","record":"pt14-cold-reopen","stage":"cold_open_after_failpoint/AfterCheckpoint"}
{"attempts":1,"failures":[],"operation":"migration_retry_after_failpoint/AfterCheckpoint","record":"pt14-retry","result":"success"}
{"attempts":1,"failures":[],"operation":"cold_open_after_first_retry/AfterCheckpoint","record":"pt14-retry","result":"success"}
{"attempts":1,"failures":[],"operation":"migration_second_retry/AfterCheckpoint","record":"pt14-retry","result":"success"}
{"attempts":1,"failures":[],"operation":"final_cold_open/AfterCheckpoint","record":"pt14-retry","result":"success"}
{"active_generation":true,"failpoint":"AfterCheckpoint","old_or_new_only":true,"operation":"repository_open","record":"pt14-final-cold-reopen","selector_manifest_identity":"verified","stage":"final_cold_open/AfterCheckpoint"}
{"code":"FAULT_INJECTED","expected_selector_committed":false,"failpoint":"AfterCheckpoint","operation":"migration","raw_os_error":null,"record":"pt14-failpoint","stage":"AfterCheckpoint"}
{"attempts":1,"failures":[],"operation":"cold_open_after_failpoint/AfterCheckpoint","record":"pt14-retry","result":"success"}
{"active_generation":false,"failpoint":"AfterCheckpoint","old_or_new_only":true,"operation":"repository_open","record":"pt14-cold-reopen","stage":"cold_open_after_failpoint/AfterCheckpoint"}
{"attempts":1,"failures":[],"operation":"migration_retry_after_failpoint/AfterCheckpoint","record":"pt14-retry","result":"success"}
{"attempts":1,"failures":[],"operation":"cold_open_after_first_retry/AfterCheckpoint","record":"pt14-retry","result":"success"}
{"attempts":1,"failures":[],"operation":"migration_second_retry/AfterCheckpoint","record":"pt14-retry","result":"success"}
{"attempts":1,"failures":[],"operation":"final_cold_open/AfterCheckpoint","record":"pt14-retry","result":"success"}
{"active_generation":true,"failpoint":"AfterCheckpoint","old_or_new_only":true,"operation":"repository_open","record":"pt14-final-cold-reopen","selector_manifest_identity":"verified","stage":"final_cold_open/AfterCheckpoint"}
{"code":"FAULT_INJECTED","expected_selector_committed":false,"failpoint":"AfterCheckpoint","operation":"migration","raw_os_error":null,"record":"pt14-failpoint","stage":"AfterCheckpoint"}
{"attempts":1,"failures":[],"operation":"cold_open_after_failpoint/AfterCheckpoint","record":"pt14-retry","result":"success"}
{"active_generation":false,"failpoint":"AfterCheckpoint","old_or_new_only":true,"operation":"repository_open","record":"pt14-cold-reopen","stage":"cold_open_after_failpoint/AfterCheckpoint"}
{"attempts":1,"failures":[],"operation":"migration_retry_after_failpoint/AfterCheckpoint","record":"pt14-retry","result":"success"}
{"attempts":1,"failures":[],"operation":"cold_open_after_first_retry/AfterCheckpoint","record":"pt14-retry","result":"success"}
{"attempts":1,"failures":[],"operation":"migration_second_retry/AfterCheckpoint","record":"pt14-retry","result":"success"}
{"attempts":1,"failures":[],"operation":"final_cold_open/AfterCheckpoint","record":"pt14-retry","result":"success"}
{"active_generation":true,"failpoint":"AfterCheckpoint","old_or_new_only":true,"operation":"repository_open","record":"pt14-final-cold-reopen","selector_manifest_identity":"verified","stage":"final_cold_open/AfterCheckpoint"}
{"code":"FAULT_INJECTED","expected_selector_committed":false,"failpoint":"AfterCheckpoint","operation":"migration","raw_os_error":null,"record":"pt14-failpoint","stage":"AfterCheckpoint"}
{"attempts":1,"failures":[],"operation":"cold_open_after_failpoint/AfterCheckpoint","record":"pt14-retry","result":"success"}
{"active_generation":false,"failpoint":"AfterCheckpoint","old_or_new_only":true,"operation":"repository_open","record":"pt14-cold-reopen","stage":"cold_open_after_failpoint/AfterCheckpoint"}
{"attempts":1,"failures":[],"operation":"migration_retry_after_failpoint/AfterCheckpoint","record":"pt14-retry","result":"success"}
{"attempts":1,"failures":[],"operation":"cold_open_after_first_retry/AfterCheckpoint","record":"pt14-retry","result":"success"}
{"attempts":1,"failures":[],"operation":"migration_second_retry/AfterCheckpoint","record":"pt14-retry","result":"success"}
{"attempts":1,"failures":[],"operation":"final_cold_open/AfterCheckpoint","record":"pt14-retry","result":"success"}
{"active_generation":true,"failpoint":"AfterCheckpoint","old_or_new_only":true,"operation":"repository_open","record":"pt14-final-cold-reopen","selector_manifest_identity":"verified","stage":"final_cold_open/AfterCheckpoint"}
{"code":"FAULT_INJECTED","expected_selector_committed":false,"failpoint":"AfterCheckpoint","operation":"migration","raw_os_error":null,"record":"pt14-failpoint","stage":"AfterCheckpoint"}
{"attempts":1,"failures":[],"operation":"cold_open_after_failpoint/AfterCheckpoint","record":"pt14-retry","result":"success"}
{"active_generation":false,"failpoint":"AfterCheckpoint","old_or_new_only":true,"operation":"repository_open","record":"pt14-cold-reopen","stage":"cold_open_after_failpoint/AfterCheckpoint"}
{"attempts":1,"failures":[],"operation":"migration_retry_after_failpoint/AfterCheckpoint","record":"pt14-retry","result":"success"}
{"attempts":1,"failures":[],"operation":"cold_open_after_first_retry/AfterCheckpoint","record":"pt14-retry","result":"success"}
{"attempts":1,"failures":[],"operation":"migration_second_retry/AfterCheckpoint","record":"pt14-retry","result":"success"}
{"attempts":1,"failures":[],"operation":"final_cold_open/AfterCheckpoint","record":"pt14-retry","result":"success"}
{"active_generation":true,"failpoint":"AfterCheckpoint","old_or_new_only":true,"operation":"repository_open","record":"pt14-final-cold-reopen","selector_manifest_identity":"verified","stage":"final_cold_open/AfterCheckpoint"}
{"code":"FAULT_INJECTED","expected_selector_committed":false,"failpoint":"AfterCheckpoint","operation":"migration","raw_os_error":null,"record":"pt14-failpoint","stage":"AfterCheckpoint"}
{"attempts":1,"failures":[],"operation":"cold_open_after_failpoint/AfterCheckpoint","record":"pt14-retry","result":"success"}
{"active_generation":false,"failpoint":"AfterCheckpoint","old_or_new_only":true,"operation":"repository_open","record":"pt14-cold-reopen","stage":"cold_open_after_failpoint/AfterCheckpoint"}
{"attempts":1,"failures":[],"operation":"migration_retry_after_failpoint/AfterCheckpoint","record":"pt14-retry","result":"success"}
{"attempts":1,"failures":[],"operation":"cold_open_after_first_retry/AfterCheckpoint","record":"pt14-retry","result":"success"}
{"attempts":1,"failures":[],"operation":"migration_second_retry/AfterCheckpoint","record":"pt14-retry","result":"success"}
{"attempts":1,"failures":[],"operation":"final_cold_open/AfterCheckpoint","record":"pt14-retry","result":"success"}
{"active_generation":true,"failpoint":"AfterCheckpoint","old_or_new_only":true,"operation":"repository_open","record":"pt14-final-cold-reopen","selector_manifest_identity":"verified","stage":"final_cold_open/AfterCheckpoint"}
{"code":"FAULT_INJECTED","expected_selector_committed":false,"failpoint":"AfterCheckpoint","operation":"migration","raw_os_error":null,"record":"pt14-failpoint","stage":"AfterCheckpoint"}
{"attempts":1,"failures":[],"operation":"cold_open_after_failpoint/AfterCheckpoint","record":"pt14-retry","result":"success"}
{"active_generation":false,"failpoint":"AfterCheckpoint","old_or_new_only":true,"operation":"repository_open","record":"pt14-cold-reopen","stage":"cold_open_after_failpoint/AfterCheckpoint"}
{"attempts":1,"failures":[],"operation":"migration_retry_after_failpoint/AfterCheckpoint","record":"pt14-retry","result":"success"}
{"attempts":1,"failures":[],"operation":"cold_open_after_first_retry/AfterCheckpoint","record":"pt14-retry","result":"success"}
{"attempts":1,"failures":[],"operation":"migration_second_retry/AfterCheckpoint","record":"pt14-retry","result":"success"}
{"attempts":1,"failures":[],"operation":"final_cold_open/AfterCheckpoint","record":"pt14-retry","result":"success"}
{"active_generation":true,"failpoint":"AfterCheckpoint","old_or_new_only":true,"operation":"repository_open","record":"pt14-final-cold-reopen","selector_manifest_identity":"verified","stage":"final_cold_open/AfterCheckpoint"}
{"code":"FAULT_INJECTED","expected_selector_committed":false,"failpoint":"AfterCheckpoint","operation":"migration","raw_os_error":null,"record":"pt14-failpoint","stage":"AfterCheckpoint"}
{"attempts":1,"failures":[],"operation":"cold_open_after_failpoint/AfterCheckpoint","record":"pt14-retry","result":"success"}
{"active_generation":false,"failpoint":"AfterCheckpoint","old_or_new_only":true,"operation":"repository_open","record":"pt14-cold-reopen","stage":"cold_open_after_failpoint/AfterCheckpoint"}
{"attempts":1,"failures":[],"operation":"migration_retry_after_failpoint/AfterCheckpoint","record":"pt14-retry","result":"success"}
{"attempts":1,"failures":[],"operation":"cold_open_after_first_retry/AfterCheckpoint","record":"pt14-retry","result":"success"}
{"attempts":1,"failures":[],"operation":"migration_second_retry/AfterCheckpoint","record":"pt14-retry","result":"success"}
{"attempts":1,"failures":[],"operation":"final_cold_open/AfterCheckpoint","record":"pt14-retry","result":"success"}
{"active_generation":true,"failpoint":"AfterCheckpoint","old_or_new_only":true,"operation":"repository_open","record":"pt14-final-cold-reopen","selector_manifest_identity":"verified","stage":"final_cold_open/AfterCheckpoint"}
{"code":"FAULT_INJECTED","expected_selector_committed":false,"failpoint":"AfterCheckpoint","operation":"migration","raw_os_error":null,"record":"pt14-failpoint","stage":"AfterCheckpoint"}
{"attempts":1,"failures":[],"operation":"cold_open_after_failpoint/AfterCheckpoint","record":"pt14-retry","result":"success"}
{"active_generation":false,"failpoint":"AfterCheckpoint","old_or_new_only":true,"operation":"repository_open","record":"pt14-cold-reopen","stage":"cold_open_after_failpoint/AfterCheckpoint"}
{"attempts":1,"failures":[],"operation":"migration_retry_after_failpoint/AfterCheckpoint","record":"pt14-retry","result":"success"}
{"attempts":1,"failures":[],"operation":"cold_open_after_first_retry/AfterCheckpoint","record":"pt14-retry","result":"success"}
{"attempts":1,"failures":[],"operation":"migration_second_retry/AfterCheckpoint","record":"pt14-retry","result":"success"}
{"attempts":1,"failures":[],"operation":"final_cold_open/AfterCheckpoint","record":"pt14-retry","result":"success"}
{"active_generation":true,"failpoint":"AfterCheckpoint","old_or_new_only":true,"operation":"repository_open","record":"pt14-final-cold-reopen","selector_manifest_identity":"verified","stage":"final_cold_open/AfterCheckpoint"}
{"code":"FAULT_INJECTED","expected_selector_committed":false,"failpoint":"AfterCheckpoint","operation":"migration","raw_os_error":null,"record":"pt14-failpoint","stage":"AfterCheckpoint"}
{"attempts":1,"failures":[],"operation":"cold_open_after_failpoint/AfterCheckpoint","record":"pt14-retry","result":"success"}
{"active_generation":false,"failpoint":"AfterCheckpoint","old_or_new_only":true,"operation":"repository_open","record":"pt14-cold-reopen","stage":"cold_open_after_failpoint/AfterCheckpoint"}
{"attempts":1,"failures":[],"operation":"migration_retry_after_failpoint/AfterCheckpoint","record":"pt14-retry","result":"success"}
{"attempts":1,"failures":[],"operation":"cold_open_after_first_retry/AfterCheckpoint","record":"pt14-retry","result":"success"}
{"attempts":1,"failures":[],"operation":"migration_second_retry/AfterCheckpoint","record":"pt14-retry","result":"success"}
{"attempts":1,"failures":[],"operation":"final_cold_open/AfterCheckpoint","record":"pt14-retry","result":"success"}
{"active_generation":true,"failpoint":"AfterCheckpoint","old_or_new_only":true,"operation":"repository_open","record":"pt14-final-cold-reopen","selector_manifest_identity":"verified","stage":"final_cold_open/AfterCheckpoint"}
{"code":"FAULT_INJECTED","expected_selector_committed":false,"failpoint":"AfterCheckpoint","operation":"migration","raw_os_error":null,"record":"pt14-failpoint","stage":"AfterCheckpoint"}
{"attempts":1,"failures":[],"operation":"cold_open_after_failpoint/AfterCheckpoint","record":"pt14-retry","result":"success"}
{"active_generation":false,"failpoint":"AfterCheckpoint","old_or_new_only":true,"operation":"repository_open","record":"pt14-cold-reopen","stage":"cold_open_after_failpoint/AfterCheckpoint"}
{"attempts":1,"failures":[],"operation":"migration_retry_after_failpoint/AfterCheckpoint","record":"pt14-retry","result":"success"}
{"attempts":1,"failures":[],"operation":"cold_open_after_first_retry/AfterCheckpoint","record":"pt14-retry","result":"success"}
{"attempts":1,"failures":[],"operation":"migration_second_retry/AfterCheckpoint","record":"pt14-retry","result":"success"}
{"attempts":1,"failures":[],"operation":"final_cold_open/AfterCheckpoint","record":"pt14-retry","result":"success"}
{"active_generation":true,"failpoint":"AfterCheckpoint","old_or_new_only":true,"operation":"repository_open","record":"pt14-final-cold-reopen","selector_manifest_identity":"verified","stage":"final_cold_open/AfterCheckpoint"}
{"code":"FAULT_INJECTED","expected_selector_committed":false,"failpoint":"AfterCheckpoint","operation":"migration","raw_os_error":null,"record":"pt14-failpoint","stage":"AfterCheckpoint"}
{"attempts":1,"failures":[],"operation":"cold_open_after_failpoint/AfterCheckpoint","record":"pt14-retry","result":"success"}
{"active_generation":false,"failpoint":"AfterCheckpoint","old_or_new_only":true,"operation":"repository_open","record":"pt14-cold-reopen","stage":"cold_open_after_failpoint/AfterCheckpoint"}
{"attempts":1,"failures":[],"operation":"migration_retry_after_failpoint/AfterCheckpoint","record":"pt14-retry","result":"success"}
{"attempts":1,"failures":[],"operation":"cold_open_after_first_retry/AfterCheckpoint","record":"pt14-retry","result":"success"}
{"attempts":1,"failures":[],"operation":"migration_second_retry/AfterCheckpoint","record":"pt14-retry","result":"success"}
{"attempts":1,"failures":[],"operation":"final_cold_open/AfterCheckpoint","record":"pt14-retry","result":"success"}
{"active_generation":true,"failpoint":"AfterCheckpoint","old_or_new_only":true,"operation":"repository_open","record":"pt14-final-cold-reopen","selector_manifest_identity":"verified","stage":"final_cold_open/AfterCheckpoint"}
{"code":"FAULT_INJECTED","expected_selector_committed":false,"failpoint":"AfterCheckpoint","operation":"migration","raw_os_error":null,"record":"pt14-failpoint","stage":"AfterCheckpoint"}
{"attempts":1,"failures":[],"operation":"cold_open_after_failpoint/AfterCheckpoint","record":"pt14-retry","result":"success"}
{"active_generation":false,"failpoint":"AfterCheckpoint","old_or_new_only":true,"operation":"repository_open","record":"pt14-cold-reopen","stage":"cold_open_after_failpoint/AfterCheckpoint"}
{"attempts":1,"failures":[],"operation":"migration_retry_after_failpoint/AfterCheckpoint","record":"pt14-retry","result":"success"}
{"attempts":1,"failures":[],"operation":"cold_open_after_first_retry/AfterCheckpoint","record":"pt14-retry","result":"success"}
{"attempts":1,"failures":[],"operation":"migration_second_retry/AfterCheckpoint","record":"pt14-retry","result":"success"}
{"attempts":1,"failures":[],"operation":"final_cold_open/AfterCheckpoint","record":"pt14-retry","result":"success"}
{"active_generation":true,"failpoint":"AfterCheckpoint","old_or_new_only":true,"operation":"repository_open","record":"pt14-final-cold-reopen","selector_manifest_identity":"verified","stage":"final_cold_open/AfterCheckpoint"}
{"code":"FAULT_INJECTED","expected_selector_committed":false,"failpoint":"AfterCheckpoint","operation":"migration","raw_os_error":null,"record":"pt14-failpoint","stage":"AfterCheckpoint"}
{"attempts":1,"failures":[],"operation":"cold_open_after_failpoint/AfterCheckpoint","record":"pt14-retry","result":"success"}
{"active_generation":false,"failpoint":"AfterCheckpoint","old_or_new_only":true,"operation":"repository_open","record":"pt14-cold-reopen","stage":"cold_open_after_failpoint/AfterCheckpoint"}
{"attempts":1,"failures":[],"operation":"migration_retry_after_failpoint/AfterCheckpoint","record":"pt14-retry","result":"success"}
{"attempts":1,"failures":[],"operation":"cold_open_after_first_retry/AfterCheckpoint","record":"pt14-retry","result":"success"}
{"attempts":1,"failures":[],"operation":"migration_second_retry/AfterCheckpoint","record":"pt14-retry","result":"success"}
{"attempts":1,"failures":[],"operation":"final_cold_open/AfterCheckpoint","record":"pt14-retry","result":"success"}
{"active_generation":true,"failpoint":"AfterCheckpoint","old_or_new_only":true,"operation":"repository_open","record":"pt14-final-cold-reopen","selector_manifest_identity":"verified","stage":"final_cold_open/AfterCheckpoint"}
{"code":"FAULT_INJECTED","expected_selector_committed":false,"failpoint":"AfterCheckpoint","operation":"migration","raw_os_error":null,"record":"pt14-failpoint","stage":"AfterCheckpoint"}
{"attempts":1,"failures":[],"operation":"cold_open_after_failpoint/AfterCheckpoint","record":"pt14-retry","result":"success"}
{"active_generation":false,"failpoint":"AfterCheckpoint","old_or_new_only":true,"operation":"repository_open","record":"pt14-cold-reopen","stage":"cold_open_after_failpoint/AfterCheckpoint"}
{"attempts":1,"failures":[],"operation":"migration_retry_after_failpoint/AfterCheckpoint","record":"pt14-retry","result":"success"}
{"attempts":1,"failures":[],"operation":"cold_open_after_first_retry/AfterCheckpoint","record":"pt14-retry","result":"success"}
{"attempts":1,"failures":[],"operation":"migration_second_retry/AfterCheckpoint","record":"pt14-retry","result":"success"}
{"attempts":1,"failures":[],"operation":"final_cold_open/AfterCheckpoint","record":"pt14-retry","result":"success"}
{"active_generation":true,"failpoint":"AfterCheckpoint","old_or_new_only":true,"operation":"repository_open","record":"pt14-final-cold-reopen","selector_manifest_identity":"verified","stage":"final_cold_open/AfterCheckpoint"}
{"code":"FAULT_INJECTED","expected_selector_committed":false,"failpoint":"AfterCheckpoint","operation":"migration","raw_os_error":null,"record":"pt14-failpoint","stage":"AfterCheckpoint"}
{"attempts":1,"failures":[],"operation":"cold_open_after_failpoint/AfterCheckpoint","record":"pt14-retry","result":"success"}
{"active_generation":false,"failpoint":"AfterCheckpoint","old_or_new_only":true,"operation":"repository_open","record":"pt14-cold-reopen","stage":"cold_open_after_failpoint/AfterCheckpoint"}
{"attempts":1,"failures":[],"operation":"migration_retry_after_failpoint/AfterCheckpoint","record":"pt14-retry","result":"success"}
{"attempts":1,"failures":[],"operation":"cold_open_after_first_retry/AfterCheckpoint","record":"pt14-retry","result":"success"}
{"attempts":1,"failures":[],"operation":"migration_second_retry/AfterCheckpoint","record":"pt14-retry","result":"success"}
{"attempts":1,"failures":[],"operation":"final_cold_open/AfterCheckpoint","record":"pt14-retry","result":"success"}
{"active_generation":true,"failpoint":"AfterCheckpoint","old_or_new_only":true,"operation":"repository_open","record":"pt14-final-cold-reopen","selector_manifest_identity":"verified","stage":"final_cold_open/AfterCheckpoint"}
{"code":"FAULT_INJECTED","expected_selector_committed":false,"failpoint":"AfterCheckpoint","operation":"migration","raw_os_error":null,"record":"pt14-failpoint","stage":"AfterCheckpoint"}
{"attempts":1,"failures":[],"operation":"cold_open_after_failpoint/AfterCheckpoint","record":"pt14-retry","result":"success"}
{"active_generation":false,"failpoint":"AfterCheckpoint","old_or_new_only":true,"operation":"repository_open","record":"pt14-cold-reopen","stage":"cold_open_after_failpoint/AfterCheckpoint"}
{"attempts":1,"failures":[],"operation":"migration_retry_after_failpoint/AfterCheckpoint","record":"pt14-retry","result":"success"}
{"attempts":1,"failures":[],"operation":"cold_open_after_first_retry/AfterCheckpoint","record":"pt14-retry","result":"success"}
{"attempts":1,"failures":[],"operation":"migration_second_retry/AfterCheckpoint","record":"pt14-retry","result":"success"}
{"attempts":1,"failures":[],"operation":"final_cold_open/AfterCheckpoint","record":"pt14-retry","result":"success"}
{"active_generation":true,"failpoint":"AfterCheckpoint","old_or_new_only":true,"operation":"repository_open","record":"pt14-final-cold-reopen","selector_manifest_identity":"verified","stage":"final_cold_open/AfterCheckpoint"}
{"code":"FAULT_INJECTED","expected_selector_committed":false,"failpoint":"AfterCheckpoint","operation":"migration","raw_os_error":null,"record":"pt14-failpoint","stage":"AfterCheckpoint"}
{"attempts":1,"failures":[],"operation":"cold_open_after_failpoint/AfterCheckpoint","record":"pt14-retry","result":"success"}
{"active_generation":false,"failpoint":"AfterCheckpoint","old_or_new_only":true,"operation":"repository_open","record":"pt14-cold-reopen","stage":"cold_open_after_failpoint/AfterCheckpoint"}
{"attempts":1,"failures":[],"operation":"migration_retry_after_failpoint/AfterCheckpoint","record":"pt14-retry","result":"success"}
{"attempts":1,"failures":[],"operation":"cold_open_after_first_retry/AfterCheckpoint","record":"pt14-retry","result":"success"}
{"attempts":1,"failures":[],"operation":"migration_second_retry/AfterCheckpoint","record":"pt14-retry","result":"success"}
{"attempts":1,"failures":[],"operation":"final_cold_open/AfterCheckpoint","record":"pt14-retry","result":"success"}
{"active_generation":true,"failpoint":"AfterCheckpoint","old_or_new_only":true,"operation":"repository_open","record":"pt14-final-cold-reopen","selector_manifest_identity":"verified","stage":"final_cold_open/AfterCheckpoint"}
{"code":"FAULT_INJECTED","expected_selector_committed":false,"failpoint":"AfterCheckpoint","operation":"migration","raw_os_error":null,"record":"pt14-failpoint","stage":"AfterCheckpoint"}
{"attempts":1,"failures":[],"operation":"cold_open_after_failpoint/AfterCheckpoint","record":"pt14-retry","result":"success"}
{"active_generation":false,"failpoint":"AfterCheckpoint","old_or_new_only":true,"operation":"repository_open","record":"pt14-cold-reopen","stage":"cold_open_after_failpoint/AfterCheckpoint"}
{"attempts":1,"failures":[],"operation":"migration_retry_after_failpoint/AfterCheckpoint","record":"pt14-retry","result":"success"}
{"attempts":1,"failures":[],"operation":"cold_open_after_first_retry/AfterCheckpoint","record":"pt14-retry","result":"success"}
{"attempts":1,"failures":[],"operation":"migration_second_retry/AfterCheckpoint","record":"pt14-retry","result":"success"}
{"attempts":1,"failures":[],"operation":"final_cold_open/AfterCheckpoint","record":"pt14-retry","result":"success"}
{"active_generation":true,"failpoint":"AfterCheckpoint","old_or_new_only":true,"operation":"repository_open","record":"pt14-final-cold-reopen","selector_manifest_identity":"verified","stage":"final_cold_open/AfterCheckpoint"}
{"code":"FAULT_INJECTED","expected_selector_committed":false,"failpoint":"AfterCheckpoint","operation":"migration","raw_os_error":null,"record":"pt14-failpoint","stage":"AfterCheckpoint"}
{"attempts":1,"failures":[],"operation":"cold_open_after_failpoint/AfterCheckpoint","record":"pt14-retry","result":"success"}
{"active_generation":false,"failpoint":"AfterCheckpoint","old_or_new_only":true,"operation":"repository_open","record":"pt14-cold-reopen","stage":"cold_open_after_failpoint/AfterCheckpoint"}
{"attempts":1,"failures":[],"operation":"migration_retry_after_failpoint/AfterCheckpoint","record":"pt14-retry","result":"success"}
{"attempts":1,"failures":[],"operation":"cold_open_after_first_retry/AfterCheckpoint","record":"pt14-retry","result":"success"}
{"attempts":1,"failures":[],"operation":"migration_second_retry/AfterCheckpoint","record":"pt14-retry","result":"success"}
{"attempts":1,"failures":[],"operation":"final_cold_open/AfterCheckpoint","record":"pt14-retry","result":"success"}
{"active_generation":true,"failpoint":"AfterCheckpoint","old_or_new_only":true,"operation":"repository_open","record":"pt14-final-cold-reopen","selector_manifest_identity":"verified","stage":"final_cold_open/AfterCheckpoint"}
{"code":"FAULT_INJECTED","expected_selector_committed":false,"failpoint":"AfterVerify","operation":"migration","raw_os_error":null,"record":"pt14-failpoint","stage":"AfterVerify"}
{"attempts":1,"failures":[],"operation":"cold_open_after_failpoint/AfterVerify","record":"pt14-retry","result":"success"}
{"active_generation":false,"failpoint":"AfterVerify","old_or_new_only":true,"operation":"repository_open","record":"pt14-cold-reopen","stage":"cold_open_after_failpoint/AfterVerify"}
{"attempts":1,"failures":[],"operation":"migration_retry_after_failpoint/AfterVerify","record":"pt14-retry","result":"success"}
{"attempts":1,"failures":[],"operation":"cold_open_after_first_retry/AfterVerify","record":"pt14-retry","result":"success"}
{"attempts":1,"failures":[],"operation":"migration_second_retry/AfterVerify","record":"pt14-retry","result":"success"}
{"attempts":1,"failures":[],"operation":"final_cold_open/AfterVerify","record":"pt14-retry","result":"success"}
{"active_generation":true,"failpoint":"AfterVerify","old_or_new_only":true,"operation":"repository_open","record":"pt14-final-cold-reopen","selector_manifest_identity":"verified","stage":"final_cold_open/AfterVerify"}
{"code":"FAULT_INJECTED","expected_selector_committed":false,"failpoint":"AfterVerify","operation":"migration","raw_os_error":null,"record":"pt14-failpoint","stage":"AfterVerify"}
{"attempts":1,"failures":[],"operation":"cold_open_after_failpoint/AfterVerify","record":"pt14-retry","result":"success"}
{"active_generation":false,"failpoint":"AfterVerify","old_or_new_only":true,"operation":"repository_open","record":"pt14-cold-reopen","stage":"cold_open_after_failpoint/AfterVerify"}
{"attempts":1,"failures":[],"operation":"migration_retry_after_failpoint/AfterVerify","record":"pt14-retry","result":"success"}
{"attempts":1,"failures":[],"operation":"cold_open_after_first_retry/AfterVerify","record":"pt14-retry","result":"success"}
{"attempts":1,"failures":[],"operation":"migration_second_retry/AfterVerify","record":"pt14-retry","result":"success"}
{"attempts":1,"failures":[],"operation":"final_cold_open/AfterVerify","record":"pt14-retry","result":"success"}
{"active_generation":true,"failpoint":"AfterVerify","old_or_new_only":true,"operation":"repository_open","record":"pt14-final-cold-reopen","selector_manifest_identity":"verified","stage":"final_cold_open/AfterVerify"}
{"code":"FAULT_INJECTED","expected_selector_committed":false,"failpoint":"AfterVerify","operation":"migration","raw_os_error":null,"record":"pt14-failpoint","stage":"AfterVerify"}
{"attempts":1,"failures":[],"operation":"cold_open_after_failpoint/AfterVerify","record":"pt14-retry","result":"success"}
{"active_generation":false,"failpoint":"AfterVerify","old_or_new_only":true,"operation":"repository_open","record":"pt14-cold-reopen","stage":"cold_open_after_failpoint/AfterVerify"}
{"attempts":1,"failures":[],"operation":"migration_retry_after_failpoint/AfterVerify","record":"pt14-retry","result":"success"}
{"attempts":1,"failures":[],"operation":"cold_open_after_first_retry/AfterVerify","record":"pt14-retry","result":"success"}
{"attempts":1,"failures":[],"operation":"migration_second_retry/AfterVerify","record":"pt14-retry","result":"success"}
{"attempts":1,"failures":[],"operation":"final_cold_open/AfterVerify","record":"pt14-retry","result":"success"}
{"active_generation":true,"failpoint":"AfterVerify","old_or_new_only":true,"operation":"repository_open","record":"pt14-final-cold-reopen","selector_manifest_identity":"verified","stage":"final_cold_open/AfterVerify"}
{"code":"FAULT_INJECTED","expected_selector_committed":false,"failpoint":"AfterVerify","operation":"migration","raw_os_error":null,"record":"pt14-failpoint","stage":"AfterVerify"}
{"attempts":1,"failures":[],"operation":"cold_open_after_failpoint/AfterVerify","record":"pt14-retry","result":"success"}
{"active_generation":false,"failpoint":"AfterVerify","old_or_new_only":true,"operation":"repository_open","record":"pt14-cold-reopen","stage":"cold_open_after_failpoint/AfterVerify"}
{"attempts":1,"failures":[],"operation":"migration_retry_after_failpoint/AfterVerify","record":"pt14-retry","result":"success"}
{"attempts":1,"failures":[],"operation":"cold_open_after_first_retry/AfterVerify","record":"pt14-retry","result":"success"}
{"attempts":1,"failures":[],"operation":"migration_second_retry/AfterVerify","record":"pt14-retry","result":"success"}
{"attempts":1,"failures":[],"operation":"final_cold_open/AfterVerify","record":"pt14-retry","result":"success"}
{"active_generation":true,"failpoint":"AfterVerify","old_or_new_only":true,"operation":"repository_open","record":"pt14-final-cold-reopen","selector_manifest_identity":"verified","stage":"final_cold_open/AfterVerify"}
{"code":"FAULT_INJECTED","expected_selector_committed":false,"failpoint":"AfterVerify","operation":"migration","raw_os_error":null,"record":"pt14-failpoint","stage":"AfterVerify"}
{"attempts":1,"failures":[],"operation":"cold_open_after_failpoint/AfterVerify","record":"pt14-retry","result":"success"}
{"active_generation":false,"failpoint":"AfterVerify","old_or_new_only":true,"operation":"repository_open","record":"pt14-cold-reopen","stage":"cold_open_after_failpoint/AfterVerify"}
{"attempts":1,"failures":[],"operation":"migration_retry_after_failpoint/AfterVerify","record":"pt14-retry","result":"success"}
{"attempts":1,"failures":[],"operation":"cold_open_after_first_retry/AfterVerify","record":"pt14-retry","result":"success"}
{"attempts":1,"failures":[],"operation":"migration_second_retry/AfterVerify","record":"pt14-retry","result":"success"}
{"attempts":1,"failures":[],"operation":"final_cold_open/AfterVerify","record":"pt14-retry","result":"success"}
{"active_generation":true,"failpoint":"AfterVerify","old_or_new_only":true,"operation":"repository_open","record":"pt14-final-cold-reopen","selector_manifest_identity":"verified","stage":"final_cold_open/AfterVerify"}
{"code":"FAULT_INJECTED","expected_selector_committed":false,"failpoint":"AfterVerify","operation":"migration","raw_os_error":null,"record":"pt14-failpoint","stage":"AfterVerify"}
{"attempts":1,"failures":[],"operation":"cold_open_after_failpoint/AfterVerify","record":"pt14-retry","result":"success"}
{"active_generation":false,"failpoint":"AfterVerify","old_or_new_only":true,"operation":"repository_open","record":"pt14-cold-reopen","stage":"cold_open_after_failpoint/AfterVerify"}
{"attempts":1,"failures":[],"operation":"migration_retry_after_failpoint/AfterVerify","record":"pt14-retry","result":"success"}
{"attempts":1,"failures":[],"operation":"cold_open_after_first_retry/AfterVerify","record":"pt14-retry","result":"success"}
{"attempts":1,"failures":[],"operation":"migration_second_retry/AfterVerify","record":"pt14-retry","result":"success"}
{"attempts":1,"failures":[],"operation":"final_cold_open/AfterVerify","record":"pt14-retry","result":"success"}
{"active_generation":true,"failpoint":"AfterVerify","old_or_new_only":true,"operation":"repository_open","record":"pt14-final-cold-reopen","selector_manifest_identity":"verified","stage":"final_cold_open/AfterVerify"}
{"code":"FAULT_INJECTED","expected_selector_committed":false,"failpoint":"AfterVerify","operation":"migration","raw_os_error":null,"record":"pt14-failpoint","stage":"AfterVerify"}
{"attempts":1,"failures":[],"operation":"cold_open_after_failpoint/AfterVerify","record":"pt14-retry","result":"success"}
{"active_generation":false,"failpoint":"AfterVerify","old_or_new_only":true,"operation":"repository_open","record":"pt14-cold-reopen","stage":"cold_open_after_failpoint/AfterVerify"}
{"attempts":1,"failures":[],"operation":"migration_retry_after_failpoint/AfterVerify","record":"pt14-retry","result":"success"}
{"attempts":1,"failures":[],"operation":"cold_open_after_first_retry/AfterVerify","record":"pt14-retry","result":"success"}
{"attempts":1,"failures":[],"operation":"migration_second_retry/AfterVerify","record":"pt14-retry","result":"success"}
{"attempts":1,"failures":[],"operation":"final_cold_open/AfterVerify","record":"pt14-retry","result":"success"}
{"active_generation":true,"failpoint":"AfterVerify","old_or_new_only":true,"operation":"repository_open","record":"pt14-final-cold-reopen","selector_manifest_identity":"verified","stage":"final_cold_open/AfterVerify"}
{"code":"FAULT_INJECTED","expected_selector_committed":false,"failpoint":"AfterVerify","operation":"migration","raw_os_error":null,"record":"pt14-failpoint","stage":"AfterVerify"}
{"attempts":1,"failures":[],"operation":"cold_open_after_failpoint/AfterVerify","record":"pt14-retry","result":"success"}
{"active_generation":false,"failpoint":"AfterVerify","old_or_new_only":true,"operation":"repository_open","record":"pt14-cold-reopen","stage":"cold_open_after_failpoint/AfterVerify"}
{"attempts":1,"failures":[],"operation":"migration_retry_after_failpoint/AfterVerify","record":"pt14-retry","result":"success"}
{"attempts":1,"failures":[],"operation":"cold_open_after_first_retry/AfterVerify","record":"pt14-retry","result":"success"}
{"attempts":1,"failures":[],"operation":"migration_second_retry/AfterVerify","record":"pt14-retry","result":"success"}
{"attempts":1,"failures":[],"operation":"final_cold_open/AfterVerify","record":"pt14-retry","result":"success"}
{"active_generation":true,"failpoint":"AfterVerify","old_or_new_only":true,"operation":"repository_open","record":"pt14-final-cold-reopen","selector_manifest_identity":"verified","stage":"final_cold_open/AfterVerify"}
{"code":"FAULT_INJECTED","expected_selector_committed":false,"failpoint":"AfterVerify","operation":"migration","raw_os_error":null,"record":"pt14-failpoint","stage":"AfterVerify"}
{"attempts":1,"failures":[],"operation":"cold_open_after_failpoint/AfterVerify","record":"pt14-retry","result":"success"}
{"active_generation":false,"failpoint":"AfterVerify","old_or_new_only":true,"operation":"repository_open","record":"pt14-cold-reopen","stage":"cold_open_after_failpoint/AfterVerify"}
{"attempts":1,"failures":[],"operation":"migration_retry_after_failpoint/AfterVerify","record":"pt14-retry","result":"success"}
{"attempts":1,"failures":[],"operation":"cold_open_after_first_retry/AfterVerify","record":"pt14-retry","result":"success"}
{"attempts":1,"failures":[],"operation":"migration_second_retry/AfterVerify","record":"pt14-retry","result":"success"}
{"attempts":1,"failures":[],"operation":"final_cold_open/AfterVerify","record":"pt14-retry","result":"success"}
{"active_generation":true,"failpoint":"AfterVerify","old_or_new_only":true,"operation":"repository_open","record":"pt14-final-cold-reopen","selector_manifest_identity":"verified","stage":"final_cold_open/AfterVerify"}
{"code":"FAULT_INJECTED","expected_selector_committed":false,"failpoint":"AfterVerify","operation":"migration","raw_os_error":null,"record":"pt14-failpoint","stage":"AfterVerify"}
{"attempts":1,"failures":[],"operation":"cold_open_after_failpoint/AfterVerify","record":"pt14-retry","result":"success"}
{"active_generation":false,"failpoint":"AfterVerify","old_or_new_only":true,"operation":"repository_open","record":"pt14-cold-reopen","stage":"cold_open_after_failpoint/AfterVerify"}
{"attempts":1,"failures":[],"operation":"migration_retry_after_failpoint/AfterVerify","record":"pt14-retry","result":"success"}
{"attempts":1,"failures":[],"operation":"cold_open_after_first_retry/AfterVerify","record":"pt14-retry","result":"success"}
{"attempts":1,"failures":[],"operation":"migration_second_retry/AfterVerify","record":"pt14-retry","result":"success"}
{"attempts":1,"failures":[],"operation":"final_cold_open/AfterVerify","record":"pt14-retry","result":"success"}
{"active_generation":true,"failpoint":"AfterVerify","old_or_new_only":true,"operation":"repository_open","record":"pt14-final-cold-reopen","selector_manifest_identity":"verified","stage":"final_cold_open/AfterVerify"}
{"code":"FAULT_INJECTED","expected_selector_committed":false,"failpoint":"AfterVerify","operation":"migration","raw_os_error":null,"record":"pt14-failpoint","stage":"AfterVerify"}
{"attempts":1,"failures":[],"operation":"cold_open_after_failpoint/AfterVerify","record":"pt14-retry","result":"success"}
{"active_generation":false,"failpoint":"AfterVerify","old_or_new_only":true,"operation":"repository_open","record":"pt14-cold-reopen","stage":"cold_open_after_failpoint/AfterVerify"}
{"attempts":1,"failures":[],"operation":"migration_retry_after_failpoint/AfterVerify","record":"pt14-retry","result":"success"}
{"attempts":1,"failures":[],"operation":"cold_open_after_first_retry/AfterVerify","record":"pt14-retry","result":"success"}
{"attempts":1,"failures":[],"operation":"migration_second_retry/AfterVerify","record":"pt14-retry","result":"success"}
{"attempts":1,"failures":[],"operation":"final_cold_open/AfterVerify","record":"pt14-retry","result":"success"}
{"active_generation":true,"failpoint":"AfterVerify","old_or_new_only":true,"operation":"repository_open","record":"pt14-final-cold-reopen","selector_manifest_identity":"verified","stage":"final_cold_open/AfterVerify"}
{"code":"FAULT_INJECTED","expected_selector_committed":false,"failpoint":"AfterVerify","operation":"migration","raw_os_error":null,"record":"pt14-failpoint","stage":"AfterVerify"}
{"attempts":1,"failures":[],"operation":"cold_open_after_failpoint/AfterVerify","record":"pt14-retry","result":"success"}
{"active_generation":false,"failpoint":"AfterVerify","old_or_new_only":true,"operation":"repository_open","record":"pt14-cold-reopen","stage":"cold_open_after_failpoint/AfterVerify"}
{"attempts":1,"failures":[],"operation":"migration_retry_after_failpoint/AfterVerify","record":"pt14-retry","result":"success"}
{"attempts":1,"failures":[],"operation":"cold_open_after_first_retry/AfterVerify","record":"pt14-retry","result":"success"}
{"attempts":1,"failures":[],"operation":"migration_second_retry/AfterVerify","record":"pt14-retry","result":"success"}
{"attempts":1,"failures":[],"operation":"final_cold_open/AfterVerify","record":"pt14-retry","result":"success"}
{"active_generation":true,"failpoint":"AfterVerify","old_or_new_only":true,"operation":"repository_open","record":"pt14-final-cold-reopen","selector_manifest_identity":"verified","stage":"final_cold_open/AfterVerify"}
{"code":"FAULT_INJECTED","expected_selector_committed":false,"failpoint":"AfterVerify","operation":"migration","raw_os_error":null,"record":"pt14-failpoint","stage":"AfterVerify"}
{"attempts":1,"failures":[],"operation":"cold_open_after_failpoint/AfterVerify","record":"pt14-retry","result":"success"}
{"active_generation":false,"failpoint":"AfterVerify","old_or_new_only":true,"operation":"repository_open","record":"pt14-cold-reopen","stage":"cold_open_after_failpoint/AfterVerify"}
{"attempts":1,"failures":[],"operation":"migration_retry_after_failpoint/AfterVerify","record":"pt14-retry","result":"success"}
{"attempts":1,"failures":[],"operation":"cold_open_after_first_retry/AfterVerify","record":"pt14-retry","result":"success"}
{"attempts":1,"failures":[],"operation":"migration_second_retry/AfterVerify","record":"pt14-retry","result":"success"}
{"attempts":1,"failures":[],"operation":"final_cold_open/AfterVerify","record":"pt14-retry","result":"success"}
{"active_generation":true,"failpoint":"AfterVerify","old_or_new_only":true,"operation":"repository_open","record":"pt14-final-cold-reopen","selector_manifest_identity":"verified","stage":"final_cold_open/AfterVerify"}
{"code":"FAULT_INJECTED","expected_selector_committed":false,"failpoint":"AfterVerify","operation":"migration","raw_os_error":null,"record":"pt14-failpoint","stage":"AfterVerify"}
{"attempts":1,"failures":[],"operation":"cold_open_after_failpoint/AfterVerify","record":"pt14-retry","result":"success"}
{"active_generation":false,"failpoint":"AfterVerify","old_or_new_only":true,"operation":"repository_open","record":"pt14-cold-reopen","stage":"cold_open_after_failpoint/AfterVerify"}
{"attempts":1,"failures":[],"operation":"migration_retry_after_failpoint/AfterVerify","record":"pt14-retry","result":"success"}
{"attempts":1,"failures":[],"operation":"cold_open_after_first_retry/AfterVerify","record":"pt14-retry","result":"success"}
{"attempts":1,"failures":[],"operation":"migration_second_retry/AfterVerify","record":"pt14-retry","result":"success"}
{"attempts":1,"failures":[],"operation":"final_cold_open/AfterVerify","record":"pt14-retry","result":"success"}
{"active_generation":true,"failpoint":"AfterVerify","old_or_new_only":true,"operation":"repository_open","record":"pt14-final-cold-reopen","selector_manifest_identity":"verified","stage":"final_cold_open/AfterVerify"}
{"code":"FAULT_INJECTED","expected_selector_committed":false,"failpoint":"AfterVerify","operation":"migration","raw_os_error":null,"record":"pt14-failpoint","stage":"AfterVerify"}
{"attempts":1,"failures":[],"operation":"cold_open_after_failpoint/AfterVerify","record":"pt14-retry","result":"success"}
{"active_generation":false,"failpoint":"AfterVerify","old_or_new_only":true,"operation":"repository_open","record":"pt14-cold-reopen","stage":"cold_open_after_failpoint/AfterVerify"}
{"attempts":1,"failures":[],"operation":"migration_retry_after_failpoint/AfterVerify","record":"pt14-retry","result":"success"}
{"attempts":1,"failures":[],"operation":"cold_open_after_first_retry/AfterVerify","record":"pt14-retry","result":"success"}
{"attempts":1,"failures":[],"operation":"migration_second_retry/AfterVerify","record":"pt14-retry","result":"success"}
{"attempts":1,"failures":[],"operation":"final_cold_open/AfterVerify","record":"pt14-retry","result":"success"}
{"active_generation":true,"failpoint":"AfterVerify","old_or_new_only":true,"operation":"repository_open","record":"pt14-final-cold-reopen","selector_manifest_identity":"verified","stage":"final_cold_open/AfterVerify"}
{"code":"FAULT_INJECTED","expected_selector_committed":false,"failpoint":"AfterVerify","operation":"migration","raw_os_error":null,"record":"pt14-failpoint","stage":"AfterVerify"}
{"attempts":1,"failures":[],"operation":"cold_open_after_failpoint/AfterVerify","record":"pt14-retry","result":"success"}
{"active_generation":false,"failpoint":"AfterVerify","old_or_new_only":true,"operation":"repository_open","record":"pt14-cold-reopen","stage":"cold_open_after_failpoint/AfterVerify"}
{"attempts":1,"failures":[],"operation":"migration_retry_after_failpoint/AfterVerify","record":"pt14-retry","result":"success"}
{"attempts":1,"failures":[],"operation":"cold_open_after_first_retry/AfterVerify","record":"pt14-retry","result":"success"}
{"attempts":1,"failures":[],"operation":"migration_second_retry/AfterVerify","record":"pt14-retry","result":"success"}
{"attempts":1,"failures":[],"operation":"final_cold_open/AfterVerify","record":"pt14-retry","result":"success"}
{"active_generation":true,"failpoint":"AfterVerify","old_or_new_only":true,"operation":"repository_open","record":"pt14-final-cold-reopen","selector_manifest_identity":"verified","stage":"final_cold_open/AfterVerify"}
{"code":"FAULT_INJECTED","expected_selector_committed":false,"failpoint":"AfterVerify","operation":"migration","raw_os_error":null,"record":"pt14-failpoint","stage":"AfterVerify"}
{"attempts":1,"failures":[],"operation":"cold_open_after_failpoint/AfterVerify","record":"pt14-retry","result":"success"}
{"active_generation":false,"failpoint":"AfterVerify","old_or_new_only":true,"operation":"repository_open","record":"pt14-cold-reopen","stage":"cold_open_after_failpoint/AfterVerify"}
{"attempts":1,"failures":[],"operation":"migration_retry_after_failpoint/AfterVerify","record":"pt14-retry","result":"success"}
{"attempts":1,"failures":[],"operation":"cold_open_after_first_retry/AfterVerify","record":"pt14-retry","result":"success"}
{"attempts":1,"failures":[],"operation":"migration_second_retry/AfterVerify","record":"pt14-retry","result":"success"}
{"attempts":1,"failures":[],"operation":"final_cold_open/AfterVerify","record":"pt14-retry","result":"success"}
{"active_generation":true,"failpoint":"AfterVerify","old_or_new_only":true,"operation":"repository_open","record":"pt14-final-cold-reopen","selector_manifest_identity":"verified","stage":"final_cold_open/AfterVerify"}
{"code":"FAULT_INJECTED","expected_selector_committed":false,"failpoint":"AfterVerify","operation":"migration","raw_os_error":null,"record":"pt14-failpoint","stage":"AfterVerify"}
{"attempts":1,"failures":[],"operation":"cold_open_after_failpoint/AfterVerify","record":"pt14-retry","result":"success"}
{"active_generation":false,"failpoint":"AfterVerify","old_or_new_only":true,"operation":"repository_open","record":"pt14-cold-reopen","stage":"cold_open_after_failpoint/AfterVerify"}
{"attempts":1,"failures":[],"operation":"migration_retry_after_failpoint/AfterVerify","record":"pt14-retry","result":"success"}
{"attempts":1,"failures":[],"operation":"cold_open_after_first_retry/AfterVerify","record":"pt14-retry","result":"success"}
{"attempts":1,"failures":[],"operation":"migration_second_retry/AfterVerify","record":"pt14-retry","result":"success"}
{"attempts":1,"failures":[],"operation":"final_cold_open/AfterVerify","record":"pt14-retry","result":"success"}
{"active_generation":true,"failpoint":"AfterVerify","old_or_new_only":true,"operation":"repository_open","record":"pt14-final-cold-reopen","selector_manifest_identity":"verified","stage":"final_cold_open/AfterVerify"}
{"code":"FAULT_INJECTED","expected_selector_committed":false,"failpoint":"AfterVerify","operation":"migration","raw_os_error":null,"record":"pt14-failpoint","stage":"AfterVerify"}
{"attempts":1,"failures":[],"operation":"cold_open_after_failpoint/AfterVerify","record":"pt14-retry","result":"success"}
{"active_generation":false,"failpoint":"AfterVerify","old_or_new_only":true,"operation":"repository_open","record":"pt14-cold-reopen","stage":"cold_open_after_failpoint/AfterVerify"}
{"attempts":1,"failures":[],"operation":"migration_retry_after_failpoint/AfterVerify","record":"pt14-retry","result":"success"}
{"attempts":1,"failures":[],"operation":"cold_open_after_first_retry/AfterVerify","record":"pt14-retry","result":"success"}
{"attempts":1,"failures":[],"operation":"migration_second_retry/AfterVerify","record":"pt14-retry","result":"success"}
{"attempts":1,"failures":[],"operation":"final_cold_open/AfterVerify","record":"pt14-retry","result":"success"}
{"active_generation":true,"failpoint":"AfterVerify","old_or_new_only":true,"operation":"repository_open","record":"pt14-final-cold-reopen","selector_manifest_identity":"verified","stage":"final_cold_open/AfterVerify"}
{"code":"FAULT_INJECTED","expected_selector_committed":false,"failpoint":"AfterVerify","operation":"migration","raw_os_error":null,"record":"pt14-failpoint","stage":"AfterVerify"}
{"attempts":1,"failures":[],"operation":"cold_open_after_failpoint/AfterVerify","record":"pt14-retry","result":"success"}
{"active_generation":false,"failpoint":"AfterVerify","old_or_new_only":true,"operation":"repository_open","record":"pt14-cold-reopen","stage":"cold_open_after_failpoint/AfterVerify"}
{"attempts":1,"failures":[],"operation":"migration_retry_after_failpoint/AfterVerify","record":"pt14-retry","result":"success"}
{"attempts":1,"failures":[],"operation":"cold_open_after_first_retry/AfterVerify","record":"pt14-retry","result":"success"}
{"attempts":1,"failures":[],"operation":"migration_second_retry/AfterVerify","record":"pt14-retry","result":"success"}
{"attempts":1,"failures":[],"operation":"final_cold_open/AfterVerify","record":"pt14-retry","result":"success"}
{"active_generation":true,"failpoint":"AfterVerify","old_or_new_only":true,"operation":"repository_open","record":"pt14-final-cold-reopen","selector_manifest_identity":"verified","stage":"final_cold_open/AfterVerify"}
{"code":"FAULT_INJECTED","expected_selector_committed":false,"failpoint":"AfterVerify","operation":"migration","raw_os_error":null,"record":"pt14-failpoint","stage":"AfterVerify"}
{"attempts":1,"failures":[],"operation":"cold_open_after_failpoint/AfterVerify","record":"pt14-retry","result":"success"}
{"active_generation":false,"failpoint":"AfterVerify","old_or_new_only":true,"operation":"repository_open","record":"pt14-cold-reopen","stage":"cold_open_after_failpoint/AfterVerify"}
{"attempts":1,"failures":[],"operation":"migration_retry_after_failpoint/AfterVerify","record":"pt14-retry","result":"success"}
{"attempts":1,"failures":[],"operation":"cold_open_after_first_retry/AfterVerify","record":"pt14-retry","result":"success"}
{"attempts":1,"failures":[],"operation":"migration_second_retry/AfterVerify","record":"pt14-retry","result":"success"}
{"attempts":1,"failures":[],"operation":"final_cold_open/AfterVerify","record":"pt14-retry","result":"success"}
{"active_generation":true,"failpoint":"AfterVerify","old_or_new_only":true,"operation":"repository_open","record":"pt14-final-cold-reopen","selector_manifest_identity":"verified","stage":"final_cold_open/AfterVerify"}
{"code":"FAULT_INJECTED","expected_selector_committed":false,"failpoint":"AfterVerify","operation":"migration","raw_os_error":null,"record":"pt14-failpoint","stage":"AfterVerify"}
{"attempts":1,"failures":[],"operation":"cold_open_after_failpoint/AfterVerify","record":"pt14-retry","result":"success"}
{"active_generation":false,"failpoint":"AfterVerify","old_or_new_only":true,"operation":"repository_open","record":"pt14-cold-reopen","stage":"cold_open_after_failpoint/AfterVerify"}
{"attempts":1,"failures":[],"operation":"migration_retry_after_failpoint/AfterVerify","record":"pt14-retry","result":"success"}
{"attempts":1,"failures":[],"operation":"cold_open_after_first_retry/AfterVerify","record":"pt14-retry","result":"success"}
{"attempts":1,"failures":[],"operation":"migration_second_retry/AfterVerify","record":"pt14-retry","result":"success"}
{"attempts":1,"failures":[],"operation":"final_cold_open/AfterVerify","record":"pt14-retry","result":"success"}
{"active_generation":true,"failpoint":"AfterVerify","old_or_new_only":true,"operation":"repository_open","record":"pt14-final-cold-reopen","selector_manifest_identity":"verified","stage":"final_cold_open/AfterVerify"}
{"code":"FAULT_INJECTED","expected_selector_committed":false,"failpoint":"AfterVerify","operation":"migration","raw_os_error":null,"record":"pt14-failpoint","stage":"AfterVerify"}
{"attempts":1,"failures":[],"operation":"cold_open_after_failpoint/AfterVerify","record":"pt14-retry","result":"success"}
{"active_generation":false,"failpoint":"AfterVerify","old_or_new_only":true,"operation":"repository_open","record":"pt14-cold-reopen","stage":"cold_open_after_failpoint/AfterVerify"}
{"attempts":1,"failures":[],"operation":"migration_retry_after_failpoint/AfterVerify","record":"pt14-retry","result":"success"}
{"attempts":1,"failures":[],"operation":"cold_open_after_first_retry/AfterVerify","record":"pt14-retry","result":"success"}
{"attempts":1,"failures":[],"operation":"migration_second_retry/AfterVerify","record":"pt14-retry","result":"success"}
{"attempts":1,"failures":[],"operation":"final_cold_open/AfterVerify","record":"pt14-retry","result":"success"}
{"active_generation":true,"failpoint":"AfterVerify","old_or_new_only":true,"operation":"repository_open","record":"pt14-final-cold-reopen","selector_manifest_identity":"verified","stage":"final_cold_open/AfterVerify"}
{"code":"FAULT_INJECTED","expected_selector_committed":false,"failpoint":"AfterVerify","operation":"migration","raw_os_error":null,"record":"pt14-failpoint","stage":"AfterVerify"}
{"attempts":1,"failures":[],"operation":"cold_open_after_failpoint/AfterVerify","record":"pt14-retry","result":"success"}
{"active_generation":false,"failpoint":"AfterVerify","old_or_new_only":true,"operation":"repository_open","record":"pt14-cold-reopen","stage":"cold_open_after_failpoint/AfterVerify"}
{"attempts":1,"failures":[],"operation":"migration_retry_after_failpoint/AfterVerify","record":"pt14-retry","result":"success"}
{"attempts":1,"failures":[],"operation":"cold_open_after_first_retry/AfterVerify","record":"pt14-retry","result":"success"}
{"attempts":1,"failures":[],"operation":"migration_second_retry/AfterVerify","record":"pt14-retry","result":"success"}
{"attempts":1,"failures":[],"operation":"final_cold_open/AfterVerify","record":"pt14-retry","result":"success"}
{"active_generation":true,"failpoint":"AfterVerify","old_or_new_only":true,"operation":"repository_open","record":"pt14-final-cold-reopen","selector_manifest_identity":"verified","stage":"final_cold_open/AfterVerify"}
{"code":"FAULT_INJECTED","expected_selector_committed":false,"failpoint":"AfterVerify","operation":"migration","raw_os_error":null,"record":"pt14-failpoint","stage":"AfterVerify"}
{"attempts":1,"failures":[],"operation":"cold_open_after_failpoint/AfterVerify","record":"pt14-retry","result":"success"}
{"active_generation":false,"failpoint":"AfterVerify","old_or_new_only":true,"operation":"repository_open","record":"pt14-cold-reopen","stage":"cold_open_after_failpoint/AfterVerify"}
{"attempts":1,"failures":[],"operation":"migration_retry_after_failpoint/AfterVerify","record":"pt14-retry","result":"success"}
{"attempts":1,"failures":[],"operation":"cold_open_after_first_retry/AfterVerify","record":"pt14-retry","result":"success"}
{"attempts":1,"failures":[],"operation":"migration_second_retry/AfterVerify","record":"pt14-retry","result":"success"}
{"attempts":1,"failures":[],"operation":"final_cold_open/AfterVerify","record":"pt14-retry","result":"success"}
{"active_generation":true,"failpoint":"AfterVerify","old_or_new_only":true,"operation":"repository_open","record":"pt14-final-cold-reopen","selector_manifest_identity":"verified","stage":"final_cold_open/AfterVerify"}
{"code":"FAULT_INJECTED","expected_selector_committed":false,"failpoint":"AfterVerify","operation":"migration","raw_os_error":null,"record":"pt14-failpoint","stage":"AfterVerify"}
{"attempts":1,"failures":[],"operation":"cold_open_after_failpoint/AfterVerify","record":"pt14-retry","result":"success"}
{"active_generation":false,"failpoint":"AfterVerify","old_or_new_only":true,"operation":"repository_open","record":"pt14-cold-reopen","stage":"cold_open_after_failpoint/AfterVerify"}
{"attempts":1,"failures":[],"operation":"migration_retry_after_failpoint/AfterVerify","record":"pt14-retry","result":"success"}
{"attempts":1,"failures":[],"operation":"cold_open_after_first_retry/AfterVerify","record":"pt14-retry","result":"success"}
{"attempts":1,"failures":[],"operation":"migration_second_retry/AfterVerify","record":"pt14-retry","result":"success"}
{"attempts":1,"failures":[],"operation":"final_cold_open/AfterVerify","record":"pt14-retry","result":"success"}
{"active_generation":true,"failpoint":"AfterVerify","old_or_new_only":true,"operation":"repository_open","record":"pt14-final-cold-reopen","selector_manifest_identity":"verified","stage":"final_cold_open/AfterVerify"}
{"code":"FAULT_INJECTED","expected_selector_committed":false,"failpoint":"AfterVerify","operation":"migration","raw_os_error":null,"record":"pt14-failpoint","stage":"AfterVerify"}
{"attempts":1,"failures":[],"operation":"cold_open_after_failpoint/AfterVerify","record":"pt14-retry","result":"success"}
{"active_generation":false,"failpoint":"AfterVerify","old_or_new_only":true,"operation":"repository_open","record":"pt14-cold-reopen","stage":"cold_open_after_failpoint/AfterVerify"}
{"attempts":1,"failures":[],"operation":"migration_retry_after_failpoint/AfterVerify","record":"pt14-retry","result":"success"}
{"attempts":1,"failures":[],"operation":"cold_open_after_first_retry/AfterVerify","record":"pt14-retry","result":"success"}
{"attempts":1,"failures":[],"operation":"migration_second_retry/AfterVerify","record":"pt14-retry","result":"success"}
{"attempts":1,"failures":[],"operation":"final_cold_open/AfterVerify","record":"pt14-retry","result":"success"}
{"active_generation":true,"failpoint":"AfterVerify","old_or_new_only":true,"operation":"repository_open","record":"pt14-final-cold-reopen","selector_manifest_identity":"verified","stage":"final_cold_open/AfterVerify"}
{"code":"FAULT_INJECTED","expected_selector_committed":false,"failpoint":"AfterVerify","operation":"migration","raw_os_error":null,"record":"pt14-failpoint","stage":"AfterVerify"}
{"attempts":1,"failures":[],"operation":"cold_open_after_failpoint/AfterVerify","record":"pt14-retry","result":"success"}
{"active_generation":false,"failpoint":"AfterVerify","old_or_new_only":true,"operation":"repository_open","record":"pt14-cold-reopen","stage":"cold_open_after_failpoint/AfterVerify"}
{"attempts":1,"failures":[],"operation":"migration_retry_after_failpoint/AfterVerify","record":"pt14-retry","result":"success"}
{"attempts":1,"failures":[],"operation":"cold_open_after_first_retry/AfterVerify","record":"pt14-retry","result":"success"}
{"attempts":1,"failures":[],"operation":"migration_second_retry/AfterVerify","record":"pt14-retry","result":"success"}
{"attempts":1,"failures":[],"operation":"final_cold_open/AfterVerify","record":"pt14-retry","result":"success"}
{"active_generation":true,"failpoint":"AfterVerify","old_or_new_only":true,"operation":"repository_open","record":"pt14-final-cold-reopen","selector_manifest_identity":"verified","stage":"final_cold_open/AfterVerify"}
{"code":"FAULT_INJECTED","expected_selector_committed":false,"failpoint":"AfterVerify","operation":"migration","raw_os_error":null,"record":"pt14-failpoint","stage":"AfterVerify"}
{"attempts":1,"failures":[],"operation":"cold_open_after_failpoint/AfterVerify","record":"pt14-retry","result":"success"}
{"active_generation":false,"failpoint":"AfterVerify","old_or_new_only":true,"operation":"repository_open","record":"pt14-cold-reopen","stage":"cold_open_after_failpoint/AfterVerify"}
{"attempts":1,"failures":[],"operation":"migration_retry_after_failpoint/AfterVerify","record":"pt14-retry","result":"success"}
{"attempts":1,"failures":[],"operation":"cold_open_after_first_retry/AfterVerify","record":"pt14-retry","result":"success"}
{"attempts":1,"failures":[],"operation":"migration_second_retry/AfterVerify","record":"pt14-retry","result":"success"}
{"attempts":1,"failures":[],"operation":"final_cold_open/AfterVerify","record":"pt14-retry","result":"success"}
{"active_generation":true,"failpoint":"AfterVerify","old_or_new_only":true,"operation":"repository_open","record":"pt14-final-cold-reopen","selector_manifest_identity":"verified","stage":"final_cold_open/AfterVerify"}
{"code":"FAULT_INJECTED","expected_selector_committed":false,"failpoint":"BeforeSelectorReplace","operation":"migration","raw_os_error":null,"record":"pt14-failpoint","stage":"BeforeSelectorReplace"}
{"attempts":1,"failures":[],"operation":"cold_open_after_failpoint/BeforeSelectorReplace","record":"pt14-retry","result":"success"}
{"active_generation":false,"failpoint":"BeforeSelectorReplace","old_or_new_only":true,"operation":"repository_open","record":"pt14-cold-reopen","stage":"cold_open_after_failpoint/BeforeSelectorReplace"}
{"attempts":1,"failures":[],"operation":"migration_retry_after_failpoint/BeforeSelectorReplace","record":"pt14-retry","result":"success"}
{"attempts":1,"failures":[],"operation":"cold_open_after_first_retry/BeforeSelectorReplace","record":"pt14-retry","result":"success"}
{"attempts":1,"failures":[],"operation":"migration_second_retry/BeforeSelectorReplace","record":"pt14-retry","result":"success"}
{"attempts":1,"failures":[],"operation":"final_cold_open/BeforeSelectorReplace","record":"pt14-retry","result":"success"}
{"active_generation":true,"failpoint":"BeforeSelectorReplace","old_or_new_only":true,"operation":"repository_open","record":"pt14-final-cold-reopen","selector_manifest_identity":"verified","stage":"final_cold_open/BeforeSelectorReplace"}
{"code":"FAULT_INJECTED","expected_selector_committed":false,"failpoint":"BeforeSelectorReplace","operation":"migration","raw_os_error":null,"record":"pt14-failpoint","stage":"BeforeSelectorReplace"}
{"attempts":1,"failures":[],"operation":"cold_open_after_failpoint/BeforeSelectorReplace","record":"pt14-retry","result":"success"}
{"active_generation":false,"failpoint":"BeforeSelectorReplace","old_or_new_only":true,"operation":"repository_open","record":"pt14-cold-reopen","stage":"cold_open_after_failpoint/BeforeSelectorReplace"}
{"attempts":1,"failures":[],"operation":"migration_retry_after_failpoint/BeforeSelectorReplace","record":"pt14-retry","result":"success"}
{"attempts":1,"failures":[],"operation":"cold_open_after_first_retry/BeforeSelectorReplace","record":"pt14-retry","result":"success"}
{"attempts":1,"failures":[],"operation":"migration_second_retry/BeforeSelectorReplace","record":"pt14-retry","result":"success"}
{"attempts":1,"failures":[],"operation":"final_cold_open/BeforeSelectorReplace","record":"pt14-retry","result":"success"}
{"active_generation":true,"failpoint":"BeforeSelectorReplace","old_or_new_only":true,"operation":"repository_open","record":"pt14-final-cold-reopen","selector_manifest_identity":"verified","stage":"final_cold_open/BeforeSelectorReplace"}
{"code":"FAULT_INJECTED","expected_selector_committed":false,"failpoint":"BeforeSelectorReplace","operation":"migration","raw_os_error":null,"record":"pt14-failpoint","stage":"BeforeSelectorReplace"}
{"attempts":1,"failures":[],"operation":"cold_open_after_failpoint/BeforeSelectorReplace","record":"pt14-retry","result":"success"}
{"active_generation":false,"failpoint":"BeforeSelectorReplace","old_or_new_only":true,"operation":"repository_open","record":"pt14-cold-reopen","stage":"cold_open_after_failpoint/BeforeSelectorReplace"}
{"attempts":1,"failures":[],"operation":"migration_retry_after_failpoint/BeforeSelectorReplace","record":"pt14-retry","result":"success"}
{"attempts":1,"failures":[],"operation":"cold_open_after_first_retry/BeforeSelectorReplace","record":"pt14-retry","result":"success"}
{"attempts":1,"failures":[],"operation":"migration_second_retry/BeforeSelectorReplace","record":"pt14-retry","result":"success"}
{"attempts":1,"failures":[],"operation":"final_cold_open/BeforeSelectorReplace","record":"pt14-retry","result":"success"}
{"active_generation":true,"failpoint":"BeforeSelectorReplace","old_or_new_only":true,"operation":"repository_open","record":"pt14-final-cold-reopen","selector_manifest_identity":"verified","stage":"final_cold_open/BeforeSelectorReplace"}
{"code":"FAULT_INJECTED","expected_selector_committed":false,"failpoint":"BeforeSelectorReplace","operation":"migration","raw_os_error":null,"record":"pt14-failpoint","stage":"BeforeSelectorReplace"}
{"attempts":1,"failures":[],"operation":"cold_open_after_failpoint/BeforeSelectorReplace","record":"pt14-retry","result":"success"}
{"active_generation":false,"failpoint":"BeforeSelectorReplace","old_or_new_only":true,"operation":"repository_open","record":"pt14-cold-reopen","stage":"cold_open_after_failpoint/BeforeSelectorReplace"}
{"attempts":1,"failures":[],"operation":"migration_retry_after_failpoint/BeforeSelectorReplace","record":"pt14-retry","result":"success"}
{"attempts":1,"failures":[],"operation":"cold_open_after_first_retry/BeforeSelectorReplace","record":"pt14-retry","result":"success"}
{"attempts":1,"failures":[],"operation":"migration_second_retry/BeforeSelectorReplace","record":"pt14-retry","result":"success"}
{"attempts":1,"failures":[],"operation":"final_cold_open/BeforeSelectorReplace","record":"pt14-retry","result":"success"}
{"active_generation":true,"failpoint":"BeforeSelectorReplace","old_or_new_only":true,"operation":"repository_open","record":"pt14-final-cold-reopen","selector_manifest_identity":"verified","stage":"final_cold_open/BeforeSelectorReplace"}
{"code":"FAULT_INJECTED","expected_selector_committed":false,"failpoint":"BeforeSelectorReplace","operation":"migration","raw_os_error":null,"record":"pt14-failpoint","stage":"BeforeSelectorReplace"}
{"attempts":1,"failures":[],"operation":"cold_open_after_failpoint/BeforeSelectorReplace","record":"pt14-retry","result":"success"}
{"active_generation":false,"failpoint":"BeforeSelectorReplace","old_or_new_only":true,"operation":"repository_open","record":"pt14-cold-reopen","stage":"cold_open_after_failpoint/BeforeSelectorReplace"}
{"attempts":1,"failures":[],"operation":"migration_retry_after_failpoint/BeforeSelectorReplace","record":"pt14-retry","result":"success"}
{"attempts":1,"failures":[],"operation":"cold_open_after_first_retry/BeforeSelectorReplace","record":"pt14-retry","result":"success"}
{"attempts":1,"failures":[],"operation":"migration_second_retry/BeforeSelectorReplace","record":"pt14-retry","result":"success"}
{"attempts":1,"failures":[],"operation":"final_cold_open/BeforeSelectorReplace","record":"pt14-retry","result":"success"}
{"active_generation":true,"failpoint":"BeforeSelectorReplace","old_or_new_only":true,"operation":"repository_open","record":"pt14-final-cold-reopen","selector_manifest_identity":"verified","stage":"final_cold_open/BeforeSelectorReplace"}
{"code":"FAULT_INJECTED","expected_selector_committed":false,"failpoint":"BeforeSelectorReplace","operation":"migration","raw_os_error":null,"record":"pt14-failpoint","stage":"BeforeSelectorReplace"}
{"attempts":1,"failures":[],"operation":"cold_open_after_failpoint/BeforeSelectorReplace","record":"pt14-retry","result":"success"}
{"active_generation":false,"failpoint":"BeforeSelectorReplace","old_or_new_only":true,"operation":"repository_open","record":"pt14-cold-reopen","stage":"cold_open_after_failpoint/BeforeSelectorReplace"}
{"attempts":1,"failures":[],"operation":"migration_retry_after_failpoint/BeforeSelectorReplace","record":"pt14-retry","result":"success"}
{"attempts":1,"failures":[],"operation":"cold_open_after_first_retry/BeforeSelectorReplace","record":"pt14-retry","result":"success"}
{"attempts":1,"failures":[],"operation":"migration_second_retry/BeforeSelectorReplace","record":"pt14-retry","result":"success"}
{"attempts":1,"failures":[],"operation":"final_cold_open/BeforeSelectorReplace","record":"pt14-retry","result":"success"}
{"active_generation":true,"failpoint":"BeforeSelectorReplace","old_or_new_only":true,"operation":"repository_open","record":"pt14-final-cold-reopen","selector_manifest_identity":"verified","stage":"final_cold_open/BeforeSelectorReplace"}
{"code":"FAULT_INJECTED","expected_selector_committed":false,"failpoint":"BeforeSelectorReplace","operation":"migration","raw_os_error":null,"record":"pt14-failpoint","stage":"BeforeSelectorReplace"}
{"attempts":1,"failures":[],"operation":"cold_open_after_failpoint/BeforeSelectorReplace","record":"pt14-retry","result":"success"}
{"active_generation":false,"failpoint":"BeforeSelectorReplace","old_or_new_only":true,"operation":"repository_open","record":"pt14-cold-reopen","stage":"cold_open_after_failpoint/BeforeSelectorReplace"}
{"attempts":1,"failures":[],"operation":"migration_retry_after_failpoint/BeforeSelectorReplace","record":"pt14-retry","result":"success"}
{"attempts":1,"failures":[],"operation":"cold_open_after_first_retry/BeforeSelectorReplace","record":"pt14-retry","result":"success"}
{"attempts":1,"failures":[],"operation":"migration_second_retry/BeforeSelectorReplace","record":"pt14-retry","result":"success"}
{"attempts":1,"failures":[],"operation":"final_cold_open/BeforeSelectorReplace","record":"pt14-retry","result":"success"}
{"active_generation":true,"failpoint":"BeforeSelectorReplace","old_or_new_only":true,"operation":"repository_open","record":"pt14-final-cold-reopen","selector_manifest_identity":"verified","stage":"final_cold_open/BeforeSelectorReplace"}
{"code":"FAULT_INJECTED","expected_selector_committed":false,"failpoint":"BeforeSelectorReplace","operation":"migration","raw_os_error":null,"record":"pt14-failpoint","stage":"BeforeSelectorReplace"}
{"attempts":1,"failures":[],"operation":"cold_open_after_failpoint/BeforeSelectorReplace","record":"pt14-retry","result":"success"}
{"active_generation":false,"failpoint":"BeforeSelectorReplace","old_or_new_only":true,"operation":"repository_open","record":"pt14-cold-reopen","stage":"cold_open_after_failpoint/BeforeSelectorReplace"}
{"attempts":1,"failures":[],"operation":"migration_retry_after_failpoint/BeforeSelectorReplace","record":"pt14-retry","result":"success"}
{"attempts":1,"failures":[],"operation":"cold_open_after_first_retry/BeforeSelectorReplace","record":"pt14-retry","result":"success"}
{"attempts":1,"failures":[],"operation":"migration_second_retry/BeforeSelectorReplace","record":"pt14-retry","result":"success"}
{"attempts":1,"failures":[],"operation":"final_cold_open/BeforeSelectorReplace","record":"pt14-retry","result":"success"}
{"active_generation":true,"failpoint":"BeforeSelectorReplace","old_or_new_only":true,"operation":"repository_open","record":"pt14-final-cold-reopen","selector_manifest_identity":"verified","stage":"final_cold_open/BeforeSelectorReplace"}
{"code":"FAULT_INJECTED","expected_selector_committed":false,"failpoint":"BeforeSelectorReplace","operation":"migration","raw_os_error":null,"record":"pt14-failpoint","stage":"BeforeSelectorReplace"}
{"attempts":1,"failures":[],"operation":"cold_open_after_failpoint/BeforeSelectorReplace","record":"pt14-retry","result":"success"}
{"active_generation":false,"failpoint":"BeforeSelectorReplace","old_or_new_only":true,"operation":"repository_open","record":"pt14-cold-reopen","stage":"cold_open_after_failpoint/BeforeSelectorReplace"}
{"attempts":1,"failures":[],"operation":"migration_retry_after_failpoint/BeforeSelectorReplace","record":"pt14-retry","result":"success"}
{"attempts":1,"failures":[],"operation":"cold_open_after_first_retry/BeforeSelectorReplace","record":"pt14-retry","result":"success"}
{"attempts":1,"failures":[],"operation":"migration_second_retry/BeforeSelectorReplace","record":"pt14-retry","result":"success"}
{"attempts":1,"failures":[],"operation":"final_cold_open/BeforeSelectorReplace","record":"pt14-retry","result":"success"}
{"active_generation":true,"failpoint":"BeforeSelectorReplace","old_or_new_only":true,"operation":"repository_open","record":"pt14-final-cold-reopen","selector_manifest_identity":"verified","stage":"final_cold_open/BeforeSelectorReplace"}
{"code":"FAULT_INJECTED","expected_selector_committed":false,"failpoint":"BeforeSelectorReplace","operation":"migration","raw_os_error":null,"record":"pt14-failpoint","stage":"BeforeSelectorReplace"}
{"attempts":1,"failures":[],"operation":"cold_open_after_failpoint/BeforeSelectorReplace","record":"pt14-retry","result":"success"}
{"active_generation":false,"failpoint":"BeforeSelectorReplace","old_or_new_only":true,"operation":"repository_open","record":"pt14-cold-reopen","stage":"cold_open_after_failpoint/BeforeSelectorReplace"}
{"attempts":1,"failures":[],"operation":"migration_retry_after_failpoint/BeforeSelectorReplace","record":"pt14-retry","result":"success"}
{"attempts":1,"failures":[],"operation":"cold_open_after_first_retry/BeforeSelectorReplace","record":"pt14-retry","result":"success"}
{"attempts":1,"failures":[],"operation":"migration_second_retry/BeforeSelectorReplace","record":"pt14-retry","result":"success"}
{"attempts":1,"failures":[],"operation":"final_cold_open/BeforeSelectorReplace","record":"pt14-retry","result":"success"}
{"active_generation":true,"failpoint":"BeforeSelectorReplace","old_or_new_only":true,"operation":"repository_open","record":"pt14-final-cold-reopen","selector_manifest_identity":"verified","stage":"final_cold_open/BeforeSelectorReplace"}
{"code":"FAULT_INJECTED","expected_selector_committed":false,"failpoint":"BeforeSelectorReplace","operation":"migration","raw_os_error":null,"record":"pt14-failpoint","stage":"BeforeSelectorReplace"}
{"attempts":1,"failures":[],"operation":"cold_open_after_failpoint/BeforeSelectorReplace","record":"pt14-retry","result":"success"}
{"active_generation":false,"failpoint":"BeforeSelectorReplace","old_or_new_only":true,"operation":"repository_open","record":"pt14-cold-reopen","stage":"cold_open_after_failpoint/BeforeSelectorReplace"}
{"attempts":1,"failures":[],"operation":"migration_retry_after_failpoint/BeforeSelectorReplace","record":"pt14-retry","result":"success"}
{"attempts":1,"failures":[],"operation":"cold_open_after_first_retry/BeforeSelectorReplace","record":"pt14-retry","result":"success"}
{"attempts":1,"failures":[],"operation":"migration_second_retry/BeforeSelectorReplace","record":"pt14-retry","result":"success"}
{"attempts":1,"failures":[],"operation":"final_cold_open/BeforeSelectorReplace","record":"pt14-retry","result":"success"}
{"active_generation":true,"failpoint":"BeforeSelectorReplace","old_or_new_only":true,"operation":"repository_open","record":"pt14-final-cold-reopen","selector_manifest_identity":"verified","stage":"final_cold_open/BeforeSelectorReplace"}
{"code":"FAULT_INJECTED","expected_selector_committed":false,"failpoint":"BeforeSelectorReplace","operation":"migration","raw_os_error":null,"record":"pt14-failpoint","stage":"BeforeSelectorReplace"}
{"attempts":1,"failures":[],"operation":"cold_open_after_failpoint/BeforeSelectorReplace","record":"pt14-retry","result":"success"}
{"active_generation":false,"failpoint":"BeforeSelectorReplace","old_or_new_only":true,"operation":"repository_open","record":"pt14-cold-reopen","stage":"cold_open_after_failpoint/BeforeSelectorReplace"}
{"attempts":1,"failures":[],"operation":"migration_retry_after_failpoint/BeforeSelectorReplace","record":"pt14-retry","result":"success"}
{"attempts":1,"failures":[],"operation":"cold_open_after_first_retry/BeforeSelectorReplace","record":"pt14-retry","result":"success"}
{"attempts":1,"failures":[],"operation":"migration_second_retry/BeforeSelectorReplace","record":"pt14-retry","result":"success"}
{"attempts":1,"failures":[],"operation":"final_cold_open/BeforeSelectorReplace","record":"pt14-retry","result":"success"}
{"active_generation":true,"failpoint":"BeforeSelectorReplace","old_or_new_only":true,"operation":"repository_open","record":"pt14-final-cold-reopen","selector_manifest_identity":"verified","stage":"final_cold_open/BeforeSelectorReplace"}
{"code":"FAULT_INJECTED","expected_selector_committed":false,"failpoint":"BeforeSelectorReplace","operation":"migration","raw_os_error":null,"record":"pt14-failpoint","stage":"BeforeSelectorReplace"}
{"attempts":1,"failures":[],"operation":"cold_open_after_failpoint/BeforeSelectorReplace","record":"pt14-retry","result":"success"}
{"active_generation":false,"failpoint":"BeforeSelectorReplace","old_or_new_only":true,"operation":"repository_open","record":"pt14-cold-reopen","stage":"cold_open_after_failpoint/BeforeSelectorReplace"}
{"attempts":1,"failures":[],"operation":"migration_retry_after_failpoint/BeforeSelectorReplace","record":"pt14-retry","result":"success"}
{"attempts":1,"failures":[],"operation":"cold_open_after_first_retry/BeforeSelectorReplace","record":"pt14-retry","result":"success"}
{"attempts":1,"failures":[],"operation":"migration_second_retry/BeforeSelectorReplace","record":"pt14-retry","result":"success"}
{"attempts":1,"failures":[],"operation":"final_cold_open/BeforeSelectorReplace","record":"pt14-retry","result":"success"}
{"active_generation":true,"failpoint":"BeforeSelectorReplace","old_or_new_only":true,"operation":"repository_open","record":"pt14-final-cold-reopen","selector_manifest_identity":"verified","stage":"final_cold_open/BeforeSelectorReplace"}
{"code":"FAULT_INJECTED","expected_selector_committed":false,"failpoint":"BeforeSelectorReplace","operation":"migration","raw_os_error":null,"record":"pt14-failpoint","stage":"BeforeSelectorReplace"}
{"attempts":1,"failures":[],"operation":"cold_open_after_failpoint/BeforeSelectorReplace","record":"pt14-retry","result":"success"}
{"active_generation":false,"failpoint":"BeforeSelectorReplace","old_or_new_only":true,"operation":"repository_open","record":"pt14-cold-reopen","stage":"cold_open_after_failpoint/BeforeSelectorReplace"}
{"attempts":1,"failures":[],"operation":"migration_retry_after_failpoint/BeforeSelectorReplace","record":"pt14-retry","result":"success"}
{"attempts":1,"failures":[],"operation":"cold_open_after_first_retry/BeforeSelectorReplace","record":"pt14-retry","result":"success"}
{"attempts":1,"failures":[],"operation":"migration_second_retry/BeforeSelectorReplace","record":"pt14-retry","result":"success"}
{"attempts":1,"failures":[],"operation":"final_cold_open/BeforeSelectorReplace","record":"pt14-retry","result":"success"}
{"active_generation":true,"failpoint":"BeforeSelectorReplace","old_or_new_only":true,"operation":"repository_open","record":"pt14-final-cold-reopen","selector_manifest_identity":"verified","stage":"final_cold_open/BeforeSelectorReplace"}
{"code":"FAULT_INJECTED","expected_selector_committed":false,"failpoint":"BeforeSelectorReplace","operation":"migration","raw_os_error":null,"record":"pt14-failpoint","stage":"BeforeSelectorReplace"}
{"attempts":1,"failures":[],"operation":"cold_open_after_failpoint/BeforeSelectorReplace","record":"pt14-retry","result":"success"}
{"active_generation":false,"failpoint":"BeforeSelectorReplace","old_or_new_only":true,"operation":"repository_open","record":"pt14-cold-reopen","stage":"cold_open_after_failpoint/BeforeSelectorReplace"}
{"attempts":1,"failures":[],"operation":"migration_retry_after_failpoint/BeforeSelectorReplace","record":"pt14-retry","result":"success"}
{"attempts":1,"failures":[],"operation":"cold_open_after_first_retry/BeforeSelectorReplace","record":"pt14-retry","result":"success"}
{"attempts":1,"failures":[],"operation":"migration_second_retry/BeforeSelectorReplace","record":"pt14-retry","result":"success"}
{"attempts":1,"failures":[],"operation":"final_cold_open/BeforeSelectorReplace","record":"pt14-retry","result":"success"}
{"active_generation":true,"failpoint":"BeforeSelectorReplace","old_or_new_only":true,"operation":"repository_open","record":"pt14-final-cold-reopen","selector_manifest_identity":"verified","stage":"final_cold_open/BeforeSelectorReplace"}
{"code":"FAULT_INJECTED","expected_selector_committed":false,"failpoint":"BeforeSelectorReplace","operation":"migration","raw_os_error":null,"record":"pt14-failpoint","stage":"BeforeSelectorReplace"}
{"attempts":1,"failures":[],"operation":"cold_open_after_failpoint/BeforeSelectorReplace","record":"pt14-retry","result":"success"}
{"active_generation":false,"failpoint":"BeforeSelectorReplace","old_or_new_only":true,"operation":"repository_open","record":"pt14-cold-reopen","stage":"cold_open_after_failpoint/BeforeSelectorReplace"}
{"attempts":1,"failures":[],"operation":"migration_retry_after_failpoint/BeforeSelectorReplace","record":"pt14-retry","result":"success"}
{"attempts":1,"failures":[],"operation":"cold_open_after_first_retry/BeforeSelectorReplace","record":"pt14-retry","result":"success"}
{"attempts":1,"failures":[],"operation":"migration_second_retry/BeforeSelectorReplace","record":"pt14-retry","result":"success"}
{"attempts":1,"failures":[],"operation":"final_cold_open/BeforeSelectorReplace","record":"pt14-retry","result":"success"}
{"active_generation":true,"failpoint":"BeforeSelectorReplace","old_or_new_only":true,"operation":"repository_open","record":"pt14-final-cold-reopen","selector_manifest_identity":"verified","stage":"final_cold_open/BeforeSelectorReplace"}
{"code":"FAULT_INJECTED","expected_selector_committed":false,"failpoint":"BeforeSelectorReplace","operation":"migration","raw_os_error":null,"record":"pt14-failpoint","stage":"BeforeSelectorReplace"}
{"attempts":1,"failures":[],"operation":"cold_open_after_failpoint/BeforeSelectorReplace","record":"pt14-retry","result":"success"}
{"active_generation":false,"failpoint":"BeforeSelectorReplace","old_or_new_only":true,"operation":"repository_open","record":"pt14-cold-reopen","stage":"cold_open_after_failpoint/BeforeSelectorReplace"}
{"attempts":1,"failures":[],"operation":"migration_retry_after_failpoint/BeforeSelectorReplace","record":"pt14-retry","result":"success"}
{"attempts":1,"failures":[],"operation":"cold_open_after_first_retry/BeforeSelectorReplace","record":"pt14-retry","result":"success"}
{"attempts":1,"failures":[],"operation":"migration_second_retry/BeforeSelectorReplace","record":"pt14-retry","result":"success"}
{"attempts":1,"failures":[],"operation":"final_cold_open/BeforeSelectorReplace","record":"pt14-retry","result":"success"}
{"active_generation":true,"failpoint":"BeforeSelectorReplace","old_or_new_only":true,"operation":"repository_open","record":"pt14-final-cold-reopen","selector_manifest_identity":"verified","stage":"final_cold_open/BeforeSelectorReplace"}
{"code":"FAULT_INJECTED","expected_selector_committed":false,"failpoint":"BeforeSelectorReplace","operation":"migration","raw_os_error":null,"record":"pt14-failpoint","stage":"BeforeSelectorReplace"}
{"attempts":1,"failures":[],"operation":"cold_open_after_failpoint/BeforeSelectorReplace","record":"pt14-retry","result":"success"}
{"active_generation":false,"failpoint":"BeforeSelectorReplace","old_or_new_only":true,"operation":"repository_open","record":"pt14-cold-reopen","stage":"cold_open_after_failpoint/BeforeSelectorReplace"}
{"attempts":1,"failures":[],"operation":"migration_retry_after_failpoint/BeforeSelectorReplace","record":"pt14-retry","result":"success"}
{"attempts":1,"failures":[],"operation":"cold_open_after_first_retry/BeforeSelectorReplace","record":"pt14-retry","result":"success"}
{"attempts":1,"failures":[],"operation":"migration_second_retry/BeforeSelectorReplace","record":"pt14-retry","result":"success"}
{"attempts":1,"failures":[],"operation":"final_cold_open/BeforeSelectorReplace","record":"pt14-retry","result":"success"}
{"active_generation":true,"failpoint":"BeforeSelectorReplace","old_or_new_only":true,"operation":"repository_open","record":"pt14-final-cold-reopen","selector_manifest_identity":"verified","stage":"final_cold_open/BeforeSelectorReplace"}
{"code":"FAULT_INJECTED","expected_selector_committed":false,"failpoint":"BeforeSelectorReplace","operation":"migration","raw_os_error":null,"record":"pt14-failpoint","stage":"BeforeSelectorReplace"}
{"attempts":1,"failures":[],"operation":"cold_open_after_failpoint/BeforeSelectorReplace","record":"pt14-retry","result":"success"}
{"active_generation":false,"failpoint":"BeforeSelectorReplace","old_or_new_only":true,"operation":"repository_open","record":"pt14-cold-reopen","stage":"cold_open_after_failpoint/BeforeSelectorReplace"}
{"attempts":1,"failures":[],"operation":"migration_retry_after_failpoint/BeforeSelectorReplace","record":"pt14-retry","result":"success"}
{"attempts":1,"failures":[],"operation":"cold_open_after_first_retry/BeforeSelectorReplace","record":"pt14-retry","result":"success"}
{"attempts":1,"failures":[],"operation":"migration_second_retry/BeforeSelectorReplace","record":"pt14-retry","result":"success"}
{"attempts":1,"failures":[],"operation":"final_cold_open/BeforeSelectorReplace","record":"pt14-retry","result":"success"}
{"active_generation":true,"failpoint":"BeforeSelectorReplace","old_or_new_only":true,"operation":"repository_open","record":"pt14-final-cold-reopen","selector_manifest_identity":"verified","stage":"final_cold_open/BeforeSelectorReplace"}
{"code":"FAULT_INJECTED","expected_selector_committed":false,"failpoint":"BeforeSelectorReplace","operation":"migration","raw_os_error":null,"record":"pt14-failpoint","stage":"BeforeSelectorReplace"}
{"attempts":1,"failures":[],"operation":"cold_open_after_failpoint/BeforeSelectorReplace","record":"pt14-retry","result":"success"}
{"active_generation":false,"failpoint":"BeforeSelectorReplace","old_or_new_only":true,"operation":"repository_open","record":"pt14-cold-reopen","stage":"cold_open_after_failpoint/BeforeSelectorReplace"}
{"attempts":1,"failures":[],"operation":"migration_retry_after_failpoint/BeforeSelectorReplace","record":"pt14-retry","result":"success"}
{"attempts":1,"failures":[],"operation":"cold_open_after_first_retry/BeforeSelectorReplace","record":"pt14-retry","result":"success"}
{"attempts":1,"failures":[],"operation":"migration_second_retry/BeforeSelectorReplace","record":"pt14-retry","result":"success"}
{"attempts":1,"failures":[],"operation":"final_cold_open/BeforeSelectorReplace","record":"pt14-retry","result":"success"}
{"active_generation":true,"failpoint":"BeforeSelectorReplace","old_or_new_only":true,"operation":"repository_open","record":"pt14-final-cold-reopen","selector_manifest_identity":"verified","stage":"final_cold_open/BeforeSelectorReplace"}
{"code":"FAULT_INJECTED","expected_selector_committed":false,"failpoint":"BeforeSelectorReplace","operation":"migration","raw_os_error":null,"record":"pt14-failpoint","stage":"BeforeSelectorReplace"}
{"attempts":1,"failures":[],"operation":"cold_open_after_failpoint/BeforeSelectorReplace","record":"pt14-retry","result":"success"}
{"active_generation":false,"failpoint":"BeforeSelectorReplace","old_or_new_only":true,"operation":"repository_open","record":"pt14-cold-reopen","stage":"cold_open_after_failpoint/BeforeSelectorReplace"}
{"attempts":1,"failures":[],"operation":"migration_retry_after_failpoint/BeforeSelectorReplace","record":"pt14-retry","result":"success"}
{"attempts":1,"failures":[],"operation":"cold_open_after_first_retry/BeforeSelectorReplace","record":"pt14-retry","result":"success"}
{"attempts":1,"failures":[],"operation":"migration_second_retry/BeforeSelectorReplace","record":"pt14-retry","result":"success"}
{"attempts":1,"failures":[],"operation":"final_cold_open/BeforeSelectorReplace","record":"pt14-retry","result":"success"}
{"active_generation":true,"failpoint":"BeforeSelectorReplace","old_or_new_only":true,"operation":"repository_open","record":"pt14-final-cold-reopen","selector_manifest_identity":"verified","stage":"final_cold_open/BeforeSelectorReplace"}
{"code":"FAULT_INJECTED","expected_selector_committed":false,"failpoint":"BeforeSelectorReplace","operation":"migration","raw_os_error":null,"record":"pt14-failpoint","stage":"BeforeSelectorReplace"}
{"attempts":1,"failures":[],"operation":"cold_open_after_failpoint/BeforeSelectorReplace","record":"pt14-retry","result":"success"}
{"active_generation":false,"failpoint":"BeforeSelectorReplace","old_or_new_only":true,"operation":"repository_open","record":"pt14-cold-reopen","stage":"cold_open_after_failpoint/BeforeSelectorReplace"}
{"attempts":1,"failures":[],"operation":"migration_retry_after_failpoint/BeforeSelectorReplace","record":"pt14-retry","result":"success"}
{"attempts":1,"failures":[],"operation":"cold_open_after_first_retry/BeforeSelectorReplace","record":"pt14-retry","result":"success"}
{"attempts":1,"failures":[],"operation":"migration_second_retry/BeforeSelectorReplace","record":"pt14-retry","result":"success"}
{"attempts":1,"failures":[],"operation":"final_cold_open/BeforeSelectorReplace","record":"pt14-retry","result":"success"}
{"active_generation":true,"failpoint":"BeforeSelectorReplace","old_or_new_only":true,"operation":"repository_open","record":"pt14-final-cold-reopen","selector_manifest_identity":"verified","stage":"final_cold_open/BeforeSelectorReplace"}
{"code":"FAULT_INJECTED","expected_selector_committed":false,"failpoint":"BeforeSelectorReplace","operation":"migration","raw_os_error":null,"record":"pt14-failpoint","stage":"BeforeSelectorReplace"}
{"attempts":1,"failures":[],"operation":"cold_open_after_failpoint/BeforeSelectorReplace","record":"pt14-retry","result":"success"}
{"active_generation":false,"failpoint":"BeforeSelectorReplace","old_or_new_only":true,"operation":"repository_open","record":"pt14-cold-reopen","stage":"cold_open_after_failpoint/BeforeSelectorReplace"}
{"attempts":1,"failures":[],"operation":"migration_retry_after_failpoint/BeforeSelectorReplace","record":"pt14-retry","result":"success"}
{"attempts":1,"failures":[],"operation":"cold_open_after_first_retry/BeforeSelectorReplace","record":"pt14-retry","result":"success"}
{"attempts":1,"failures":[],"operation":"migration_second_retry/BeforeSelectorReplace","record":"pt14-retry","result":"success"}
{"attempts":1,"failures":[],"operation":"final_cold_open/BeforeSelectorReplace","record":"pt14-retry","result":"success"}
{"active_generation":true,"failpoint":"BeforeSelectorReplace","old_or_new_only":true,"operation":"repository_open","record":"pt14-final-cold-reopen","selector_manifest_identity":"verified","stage":"final_cold_open/BeforeSelectorReplace"}
{"code":"FAULT_INJECTED","expected_selector_committed":false,"failpoint":"BeforeSelectorReplace","operation":"migration","raw_os_error":null,"record":"pt14-failpoint","stage":"BeforeSelectorReplace"}
{"attempts":1,"failures":[],"operation":"cold_open_after_failpoint/BeforeSelectorReplace","record":"pt14-retry","result":"success"}
{"active_generation":false,"failpoint":"BeforeSelectorReplace","old_or_new_only":true,"operation":"repository_open","record":"pt14-cold-reopen","stage":"cold_open_after_failpoint/BeforeSelectorReplace"}
{"attempts":1,"failures":[],"operation":"migration_retry_after_failpoint/BeforeSelectorReplace","record":"pt14-retry","result":"success"}
{"attempts":1,"failures":[],"operation":"cold_open_after_first_retry/BeforeSelectorReplace","record":"pt14-retry","result":"success"}
{"attempts":1,"failures":[],"operation":"migration_second_retry/BeforeSelectorReplace","record":"pt14-retry","result":"success"}
{"attempts":1,"failures":[],"operation":"final_cold_open/BeforeSelectorReplace","record":"pt14-retry","result":"success"}
{"active_generation":true,"failpoint":"BeforeSelectorReplace","old_or_new_only":true,"operation":"repository_open","record":"pt14-final-cold-reopen","selector_manifest_identity":"verified","stage":"final_cold_open/BeforeSelectorReplace"}
{"code":"FAULT_INJECTED","expected_selector_committed":false,"failpoint":"BeforeSelectorReplace","operation":"migration","raw_os_error":null,"record":"pt14-failpoint","stage":"BeforeSelectorReplace"}
{"attempts":1,"failures":[],"operation":"cold_open_after_failpoint/BeforeSelectorReplace","record":"pt14-retry","result":"success"}
{"active_generation":false,"failpoint":"BeforeSelectorReplace","old_or_new_only":true,"operation":"repository_open","record":"pt14-cold-reopen","stage":"cold_open_after_failpoint/BeforeSelectorReplace"}
{"attempts":1,"failures":[],"operation":"migration_retry_after_failpoint/BeforeSelectorReplace","record":"pt14-retry","result":"success"}
{"attempts":1,"failures":[],"operation":"cold_open_after_first_retry/BeforeSelectorReplace","record":"pt14-retry","result":"success"}
{"attempts":1,"failures":[],"operation":"migration_second_retry/BeforeSelectorReplace","record":"pt14-retry","result":"success"}
{"attempts":1,"failures":[],"operation":"final_cold_open/BeforeSelectorReplace","record":"pt14-retry","result":"success"}
{"active_generation":true,"failpoint":"BeforeSelectorReplace","old_or_new_only":true,"operation":"repository_open","record":"pt14-final-cold-reopen","selector_manifest_identity":"verified","stage":"final_cold_open/BeforeSelectorReplace"}
{"code":"FAULT_INJECTED","expected_selector_committed":false,"failpoint":"BeforeSelectorReplace","operation":"migration","raw_os_error":null,"record":"pt14-failpoint","stage":"BeforeSelectorReplace"}
{"attempts":1,"failures":[],"operation":"cold_open_after_failpoint/BeforeSelectorReplace","record":"pt14-retry","result":"success"}
{"active_generation":false,"failpoint":"BeforeSelectorReplace","old_or_new_only":true,"operation":"repository_open","record":"pt14-cold-reopen","stage":"cold_open_after_failpoint/BeforeSelectorReplace"}
{"attempts":1,"failures":[],"operation":"migration_retry_after_failpoint/BeforeSelectorReplace","record":"pt14-retry","result":"success"}
{"attempts":1,"failures":[],"operation":"cold_open_after_first_retry/BeforeSelectorReplace","record":"pt14-retry","result":"success"}
{"attempts":1,"failures":[],"operation":"migration_second_retry/BeforeSelectorReplace","record":"pt14-retry","result":"success"}
{"attempts":1,"failures":[],"operation":"final_cold_open/BeforeSelectorReplace","record":"pt14-retry","result":"success"}
{"active_generation":true,"failpoint":"BeforeSelectorReplace","old_or_new_only":true,"operation":"repository_open","record":"pt14-final-cold-reopen","selector_manifest_identity":"verified","stage":"final_cold_open/BeforeSelectorReplace"}
{"code":"FAULT_INJECTED","expected_selector_committed":false,"failpoint":"BeforeSelectorReplace","operation":"migration","raw_os_error":null,"record":"pt14-failpoint","stage":"BeforeSelectorReplace"}
{"attempts":1,"failures":[],"operation":"cold_open_after_failpoint/BeforeSelectorReplace","record":"pt14-retry","result":"success"}
{"active_generation":false,"failpoint":"BeforeSelectorReplace","old_or_new_only":true,"operation":"repository_open","record":"pt14-cold-reopen","stage":"cold_open_after_failpoint/BeforeSelectorReplace"}
{"attempts":1,"failures":[],"operation":"migration_retry_after_failpoint/BeforeSelectorReplace","record":"pt14-retry","result":"success"}
{"attempts":1,"failures":[],"operation":"cold_open_after_first_retry/BeforeSelectorReplace","record":"pt14-retry","result":"success"}
{"attempts":1,"failures":[],"operation":"migration_second_retry/BeforeSelectorReplace","record":"pt14-retry","result":"success"}
{"attempts":1,"failures":[],"operation":"final_cold_open/BeforeSelectorReplace","record":"pt14-retry","result":"success"}
{"active_generation":true,"failpoint":"BeforeSelectorReplace","old_or_new_only":true,"operation":"repository_open","record":"pt14-final-cold-reopen","selector_manifest_identity":"verified","stage":"final_cold_open/BeforeSelectorReplace"}
{"code":"FAULT_INJECTED","expected_selector_committed":false,"failpoint":"BeforeSelectorReplace","operation":"migration","raw_os_error":null,"record":"pt14-failpoint","stage":"BeforeSelectorReplace"}
{"attempts":1,"failures":[],"operation":"cold_open_after_failpoint/BeforeSelectorReplace","record":"pt14-retry","result":"success"}
{"active_generation":false,"failpoint":"BeforeSelectorReplace","old_or_new_only":true,"operation":"repository_open","record":"pt14-cold-reopen","stage":"cold_open_after_failpoint/BeforeSelectorReplace"}
{"attempts":1,"failures":[],"operation":"migration_retry_after_failpoint/BeforeSelectorReplace","record":"pt14-retry","result":"success"}
{"attempts":1,"failures":[],"operation":"cold_open_after_first_retry/BeforeSelectorReplace","record":"pt14-retry","result":"success"}
{"attempts":1,"failures":[],"operation":"migration_second_retry/BeforeSelectorReplace","record":"pt14-retry","result":"success"}
{"attempts":1,"failures":[],"operation":"final_cold_open/BeforeSelectorReplace","record":"pt14-retry","result":"success"}
{"active_generation":true,"failpoint":"BeforeSelectorReplace","old_or_new_only":true,"operation":"repository_open","record":"pt14-final-cold-reopen","selector_manifest_identity":"verified","stage":"final_cold_open/BeforeSelectorReplace"}
{"code":"FAULT_INJECTED","expected_selector_committed":false,"failpoint":"BeforeSelectorReplace","operation":"migration","raw_os_error":null,"record":"pt14-failpoint","stage":"BeforeSelectorReplace"}
{"attempts":1,"failures":[],"operation":"cold_open_after_failpoint/BeforeSelectorReplace","record":"pt14-retry","result":"success"}
{"active_generation":false,"failpoint":"BeforeSelectorReplace","old_or_new_only":true,"operation":"repository_open","record":"pt14-cold-reopen","stage":"cold_open_after_failpoint/BeforeSelectorReplace"}
{"attempts":1,"failures":[],"operation":"migration_retry_after_failpoint/BeforeSelectorReplace","record":"pt14-retry","result":"success"}
{"attempts":1,"failures":[],"operation":"cold_open_after_first_retry/BeforeSelectorReplace","record":"pt14-retry","result":"success"}
{"attempts":1,"failures":[],"operation":"migration_second_retry/BeforeSelectorReplace","record":"pt14-retry","result":"success"}
{"attempts":1,"failures":[],"operation":"final_cold_open/BeforeSelectorReplace","record":"pt14-retry","result":"success"}
{"active_generation":true,"failpoint":"BeforeSelectorReplace","old_or_new_only":true,"operation":"repository_open","record":"pt14-final-cold-reopen","selector_manifest_identity":"verified","stage":"final_cold_open/BeforeSelectorReplace"}
{"code":"FAULT_INJECTED","expected_selector_committed":true,"failpoint":"AfterSelectorReplace","operation":"migration","raw_os_error":null,"record":"pt14-failpoint","stage":"AfterSelectorReplace"}
{"attempts":1,"failures":[],"operation":"cold_open_after_failpoint/AfterSelectorReplace","record":"pt14-retry","result":"success"}
{"active_generation":true,"failpoint":"AfterSelectorReplace","old_or_new_only":true,"operation":"repository_open","record":"pt14-cold-reopen","stage":"cold_open_after_failpoint/AfterSelectorReplace"}
{"attempts":1,"failures":[],"operation":"migration_retry_after_failpoint/AfterSelectorReplace","record":"pt14-retry","result":"success"}
{"attempts":1,"failures":[],"operation":"cold_open_after_first_retry/AfterSelectorReplace","record":"pt14-retry","result":"success"}
{"attempts":1,"failures":[],"operation":"migration_second_retry/AfterSelectorReplace","record":"pt14-retry","result":"success"}
{"attempts":1,"failures":[],"operation":"final_cold_open/AfterSelectorReplace","record":"pt14-retry","result":"success"}
{"active_generation":true,"failpoint":"AfterSelectorReplace","old_or_new_only":true,"operation":"repository_open","record":"pt14-final-cold-reopen","selector_manifest_identity":"verified","stage":"final_cold_open/AfterSelectorReplace"}
{"code":"FAULT_INJECTED","expected_selector_committed":true,"failpoint":"AfterSelectorReplace","operation":"migration","raw_os_error":null,"record":"pt14-failpoint","stage":"AfterSelectorReplace"}
{"attempts":1,"failures":[],"operation":"cold_open_after_failpoint/AfterSelectorReplace","record":"pt14-retry","result":"success"}
{"active_generation":true,"failpoint":"AfterSelectorReplace","old_or_new_only":true,"operation":"repository_open","record":"pt14-cold-reopen","stage":"cold_open_after_failpoint/AfterSelectorReplace"}
{"attempts":1,"failures":[],"operation":"migration_retry_after_failpoint/AfterSelectorReplace","record":"pt14-retry","result":"success"}
{"attempts":1,"failures":[],"operation":"cold_open_after_first_retry/AfterSelectorReplace","record":"pt14-retry","result":"success"}
{"attempts":1,"failures":[],"operation":"migration_second_retry/AfterSelectorReplace","record":"pt14-retry","result":"success"}
{"attempts":1,"failures":[],"operation":"final_cold_open/AfterSelectorReplace","record":"pt14-retry","result":"success"}
{"active_generation":true,"failpoint":"AfterSelectorReplace","old_or_new_only":true,"operation":"repository_open","record":"pt14-final-cold-reopen","selector_manifest_identity":"verified","stage":"final_cold_open/AfterSelectorReplace"}
{"code":"FAULT_INJECTED","expected_selector_committed":true,"failpoint":"AfterSelectorReplace","operation":"migration","raw_os_error":null,"record":"pt14-failpoint","stage":"AfterSelectorReplace"}
{"attempts":1,"failures":[],"operation":"cold_open_after_failpoint/AfterSelectorReplace","record":"pt14-retry","result":"success"}
{"active_generation":true,"failpoint":"AfterSelectorReplace","old_or_new_only":true,"operation":"repository_open","record":"pt14-cold-reopen","stage":"cold_open_after_failpoint/AfterSelectorReplace"}
{"attempts":1,"failures":[],"operation":"migration_retry_after_failpoint/AfterSelectorReplace","record":"pt14-retry","result":"success"}
{"attempts":1,"failures":[],"operation":"cold_open_after_first_retry/AfterSelectorReplace","record":"pt14-retry","result":"success"}
{"attempts":1,"failures":[],"operation":"migration_second_retry/AfterSelectorReplace","record":"pt14-retry","result":"success"}
{"attempts":1,"failures":[],"operation":"final_cold_open/AfterSelectorReplace","record":"pt14-retry","result":"success"}
{"active_generation":true,"failpoint":"AfterSelectorReplace","old_or_new_only":true,"operation":"repository_open","record":"pt14-final-cold-reopen","selector_manifest_identity":"verified","stage":"final_cold_open/AfterSelectorReplace"}
{"code":"FAULT_INJECTED","expected_selector_committed":true,"failpoint":"AfterSelectorReplace","operation":"migration","raw_os_error":null,"record":"pt14-failpoint","stage":"AfterSelectorReplace"}
{"attempts":1,"failures":[],"operation":"cold_open_after_failpoint/AfterSelectorReplace","record":"pt14-retry","result":"success"}
{"active_generation":true,"failpoint":"AfterSelectorReplace","old_or_new_only":true,"operation":"repository_open","record":"pt14-cold-reopen","stage":"cold_open_after_failpoint/AfterSelectorReplace"}
{"attempts":1,"failures":[],"operation":"migration_retry_after_failpoint/AfterSelectorReplace","record":"pt14-retry","result":"success"}
{"attempts":1,"failures":[],"operation":"cold_open_after_first_retry/AfterSelectorReplace","record":"pt14-retry","result":"success"}
{"attempts":1,"failures":[],"operation":"migration_second_retry/AfterSelectorReplace","record":"pt14-retry","result":"success"}
{"attempts":1,"failures":[],"operation":"final_cold_open/AfterSelectorReplace","record":"pt14-retry","result":"success"}
{"active_generation":true,"failpoint":"AfterSelectorReplace","old_or_new_only":true,"operation":"repository_open","record":"pt14-final-cold-reopen","selector_manifest_identity":"verified","stage":"final_cold_open/AfterSelectorReplace"}
{"code":"FAULT_INJECTED","expected_selector_committed":true,"failpoint":"AfterSelectorReplace","operation":"migration","raw_os_error":null,"record":"pt14-failpoint","stage":"AfterSelectorReplace"}
{"attempts":1,"failures":[],"operation":"cold_open_after_failpoint/AfterSelectorReplace","record":"pt14-retry","result":"success"}
{"active_generation":true,"failpoint":"AfterSelectorReplace","old_or_new_only":true,"operation":"repository_open","record":"pt14-cold-reopen","stage":"cold_open_after_failpoint/AfterSelectorReplace"}
{"attempts":1,"failures":[],"operation":"migration_retry_after_failpoint/AfterSelectorReplace","record":"pt14-retry","result":"success"}
{"attempts":1,"failures":[],"operation":"cold_open_after_first_retry/AfterSelectorReplace","record":"pt14-retry","result":"success"}
{"attempts":1,"failures":[],"operation":"migration_second_retry/AfterSelectorReplace","record":"pt14-retry","result":"success"}
{"attempts":1,"failures":[],"operation":"final_cold_open/AfterSelectorReplace","record":"pt14-retry","result":"success"}
{"active_generation":true,"failpoint":"AfterSelectorReplace","old_or_new_only":true,"operation":"repository_open","record":"pt14-final-cold-reopen","selector_manifest_identity":"verified","stage":"final_cold_open/AfterSelectorReplace"}
{"code":"FAULT_INJECTED","expected_selector_committed":true,"failpoint":"AfterSelectorReplace","operation":"migration","raw_os_error":null,"record":"pt14-failpoint","stage":"AfterSelectorReplace"}
{"attempts":1,"failures":[],"operation":"cold_open_after_failpoint/AfterSelectorReplace","record":"pt14-retry","result":"success"}
{"active_generation":true,"failpoint":"AfterSelectorReplace","old_or_new_only":true,"operation":"repository_open","record":"pt14-cold-reopen","stage":"cold_open_after_failpoint/AfterSelectorReplace"}
{"attempts":1,"failures":[],"operation":"migration_retry_after_failpoint/AfterSelectorReplace","record":"pt14-retry","result":"success"}
{"attempts":1,"failures":[],"operation":"cold_open_after_first_retry/AfterSelectorReplace","record":"pt14-retry","result":"success"}
{"attempts":1,"failures":[],"operation":"migration_second_retry/AfterSelectorReplace","record":"pt14-retry","result":"success"}
{"attempts":1,"failures":[],"operation":"final_cold_open/AfterSelectorReplace","record":"pt14-retry","result":"success"}
{"active_generation":true,"failpoint":"AfterSelectorReplace","old_or_new_only":true,"operation":"repository_open","record":"pt14-final-cold-reopen","selector_manifest_identity":"verified","stage":"final_cold_open/AfterSelectorReplace"}
{"code":"FAULT_INJECTED","expected_selector_committed":true,"failpoint":"AfterSelectorReplace","operation":"migration","raw_os_error":null,"record":"pt14-failpoint","stage":"AfterSelectorReplace"}
{"attempts":1,"failures":[],"operation":"cold_open_after_failpoint/AfterSelectorReplace","record":"pt14-retry","result":"success"}
{"active_generation":true,"failpoint":"AfterSelectorReplace","old_or_new_only":true,"operation":"repository_open","record":"pt14-cold-reopen","stage":"cold_open_after_failpoint/AfterSelectorReplace"}
{"attempts":1,"failures":[],"operation":"migration_retry_after_failpoint/AfterSelectorReplace","record":"pt14-retry","result":"success"}
{"attempts":1,"failures":[],"operation":"cold_open_after_first_retry/AfterSelectorReplace","record":"pt14-retry","result":"success"}
{"attempts":1,"failures":[],"operation":"migration_second_retry/AfterSelectorReplace","record":"pt14-retry","result":"success"}
{"attempts":1,"failures":[],"operation":"final_cold_open/AfterSelectorReplace","record":"pt14-retry","result":"success"}
{"active_generation":true,"failpoint":"AfterSelectorReplace","old_or_new_only":true,"operation":"repository_open","record":"pt14-final-cold-reopen","selector_manifest_identity":"verified","stage":"final_cold_open/AfterSelectorReplace"}
{"code":"FAULT_INJECTED","expected_selector_committed":true,"failpoint":"AfterSelectorReplace","operation":"migration","raw_os_error":null,"record":"pt14-failpoint","stage":"AfterSelectorReplace"}
{"attempts":1,"failures":[],"operation":"cold_open_after_failpoint/AfterSelectorReplace","record":"pt14-retry","result":"success"}
{"active_generation":true,"failpoint":"AfterSelectorReplace","old_or_new_only":true,"operation":"repository_open","record":"pt14-cold-reopen","stage":"cold_open_after_failpoint/AfterSelectorReplace"}
{"attempts":1,"failures":[],"operation":"migration_retry_after_failpoint/AfterSelectorReplace","record":"pt14-retry","result":"success"}
{"attempts":1,"failures":[],"operation":"cold_open_after_first_retry/AfterSelectorReplace","record":"pt14-retry","result":"success"}
{"attempts":1,"failures":[],"operation":"migration_second_retry/AfterSelectorReplace","record":"pt14-retry","result":"success"}
{"attempts":1,"failures":[],"operation":"final_cold_open/AfterSelectorReplace","record":"pt14-retry","result":"success"}
{"active_generation":true,"failpoint":"AfterSelectorReplace","old_or_new_only":true,"operation":"repository_open","record":"pt14-final-cold-reopen","selector_manifest_identity":"verified","stage":"final_cold_open/AfterSelectorReplace"}
{"code":"FAULT_INJECTED","expected_selector_committed":true,"failpoint":"AfterSelectorReplace","operation":"migration","raw_os_error":null,"record":"pt14-failpoint","stage":"AfterSelectorReplace"}
{"attempts":1,"failures":[],"operation":"cold_open_after_failpoint/AfterSelectorReplace","record":"pt14-retry","result":"success"}
{"active_generation":true,"failpoint":"AfterSelectorReplace","old_or_new_only":true,"operation":"repository_open","record":"pt14-cold-reopen","stage":"cold_open_after_failpoint/AfterSelectorReplace"}
{"attempts":1,"failures":[],"operation":"migration_retry_after_failpoint/AfterSelectorReplace","record":"pt14-retry","result":"success"}
{"attempts":1,"failures":[],"operation":"cold_open_after_first_retry/AfterSelectorReplace","record":"pt14-retry","result":"success"}
{"attempts":1,"failures":[],"operation":"migration_second_retry/AfterSelectorReplace","record":"pt14-retry","result":"success"}
{"attempts":1,"failures":[],"operation":"final_cold_open/AfterSelectorReplace","record":"pt14-retry","result":"success"}
{"active_generation":true,"failpoint":"AfterSelectorReplace","old_or_new_only":true,"operation":"repository_open","record":"pt14-final-cold-reopen","selector_manifest_identity":"verified","stage":"final_cold_open/AfterSelectorReplace"}
{"code":"FAULT_INJECTED","expected_selector_committed":true,"failpoint":"AfterSelectorReplace","operation":"migration","raw_os_error":null,"record":"pt14-failpoint","stage":"AfterSelectorReplace"}
{"attempts":1,"failures":[],"operation":"cold_open_after_failpoint/AfterSelectorReplace","record":"pt14-retry","result":"success"}
{"active_generation":true,"failpoint":"AfterSelectorReplace","old_or_new_only":true,"operation":"repository_open","record":"pt14-cold-reopen","stage":"cold_open_after_failpoint/AfterSelectorReplace"}
{"attempts":1,"failures":[],"operation":"migration_retry_after_failpoint/AfterSelectorReplace","record":"pt14-retry","result":"success"}
{"attempts":1,"failures":[],"operation":"cold_open_after_first_retry/AfterSelectorReplace","record":"pt14-retry","result":"success"}
{"attempts":1,"failures":[],"operation":"migration_second_retry/AfterSelectorReplace","record":"pt14-retry","result":"success"}
{"attempts":1,"failures":[],"operation":"final_cold_open/AfterSelectorReplace","record":"pt14-retry","result":"success"}
{"active_generation":true,"failpoint":"AfterSelectorReplace","old_or_new_only":true,"operation":"repository_open","record":"pt14-final-cold-reopen","selector_manifest_identity":"verified","stage":"final_cold_open/AfterSelectorReplace"}
{"code":"FAULT_INJECTED","expected_selector_committed":true,"failpoint":"AfterSelectorReplace","operation":"migration","raw_os_error":null,"record":"pt14-failpoint","stage":"AfterSelectorReplace"}
{"attempts":1,"failures":[],"operation":"cold_open_after_failpoint/AfterSelectorReplace","record":"pt14-retry","result":"success"}
{"active_generation":true,"failpoint":"AfterSelectorReplace","old_or_new_only":true,"operation":"repository_open","record":"pt14-cold-reopen","stage":"cold_open_after_failpoint/AfterSelectorReplace"}
{"attempts":1,"failures":[],"operation":"migration_retry_after_failpoint/AfterSelectorReplace","record":"pt14-retry","result":"success"}
{"attempts":1,"failures":[],"operation":"cold_open_after_first_retry/AfterSelectorReplace","record":"pt14-retry","result":"success"}
{"attempts":1,"failures":[],"operation":"migration_second_retry/AfterSelectorReplace","record":"pt14-retry","result":"success"}
{"attempts":1,"failures":[],"operation":"final_cold_open/AfterSelectorReplace","record":"pt14-retry","result":"success"}
{"active_generation":true,"failpoint":"AfterSelectorReplace","old_or_new_only":true,"operation":"repository_open","record":"pt14-final-cold-reopen","selector_manifest_identity":"verified","stage":"final_cold_open/AfterSelectorReplace"}
{"code":"FAULT_INJECTED","expected_selector_committed":true,"failpoint":"AfterSelectorReplace","operation":"migration","raw_os_error":null,"record":"pt14-failpoint","stage":"AfterSelectorReplace"}
{"attempts":1,"failures":[],"operation":"cold_open_after_failpoint/AfterSelectorReplace","record":"pt14-retry","result":"success"}
{"active_generation":true,"failpoint":"AfterSelectorReplace","old_or_new_only":true,"operation":"repository_open","record":"pt14-cold-reopen","stage":"cold_open_after_failpoint/AfterSelectorReplace"}
{"attempts":1,"failures":[],"operation":"migration_retry_after_failpoint/AfterSelectorReplace","record":"pt14-retry","result":"success"}
{"attempts":1,"failures":[],"operation":"cold_open_after_first_retry/AfterSelectorReplace","record":"pt14-retry","result":"success"}
{"attempts":1,"failures":[],"operation":"migration_second_retry/AfterSelectorReplace","record":"pt14-retry","result":"success"}
{"attempts":1,"failures":[],"operation":"final_cold_open/AfterSelectorReplace","record":"pt14-retry","result":"success"}
{"active_generation":true,"failpoint":"AfterSelectorReplace","old_or_new_only":true,"operation":"repository_open","record":"pt14-final-cold-reopen","selector_manifest_identity":"verified","stage":"final_cold_open/AfterSelectorReplace"}
{"code":"FAULT_INJECTED","expected_selector_committed":true,"failpoint":"AfterSelectorReplace","operation":"migration","raw_os_error":null,"record":"pt14-failpoint","stage":"AfterSelectorReplace"}
{"attempts":1,"failures":[],"operation":"cold_open_after_failpoint/AfterSelectorReplace","record":"pt14-retry","result":"success"}
{"active_generation":true,"failpoint":"AfterSelectorReplace","old_or_new_only":true,"operation":"repository_open","record":"pt14-cold-reopen","stage":"cold_open_after_failpoint/AfterSelectorReplace"}
{"attempts":1,"failures":[],"operation":"migration_retry_after_failpoint/AfterSelectorReplace","record":"pt14-retry","result":"success"}
{"attempts":1,"failures":[],"operation":"cold_open_after_first_retry/AfterSelectorReplace","record":"pt14-retry","result":"success"}
{"attempts":1,"failures":[],"operation":"migration_second_retry/AfterSelectorReplace","record":"pt14-retry","result":"success"}
{"attempts":1,"failures":[],"operation":"final_cold_open/AfterSelectorReplace","record":"pt14-retry","result":"success"}
{"active_generation":true,"failpoint":"AfterSelectorReplace","old_or_new_only":true,"operation":"repository_open","record":"pt14-final-cold-reopen","selector_manifest_identity":"verified","stage":"final_cold_open/AfterSelectorReplace"}
{"code":"FAULT_INJECTED","expected_selector_committed":true,"failpoint":"AfterSelectorReplace","operation":"migration","raw_os_error":null,"record":"pt14-failpoint","stage":"AfterSelectorReplace"}
{"attempts":1,"failures":[],"operation":"cold_open_after_failpoint/AfterSelectorReplace","record":"pt14-retry","result":"success"}
{"active_generation":true,"failpoint":"AfterSelectorReplace","old_or_new_only":true,"operation":"repository_open","record":"pt14-cold-reopen","stage":"cold_open_after_failpoint/AfterSelectorReplace"}
{"attempts":1,"failures":[],"operation":"migration_retry_after_failpoint/AfterSelectorReplace","record":"pt14-retry","result":"success"}
{"attempts":1,"failures":[],"operation":"cold_open_after_first_retry/AfterSelectorReplace","record":"pt14-retry","result":"success"}
{"attempts":1,"failures":[],"operation":"migration_second_retry/AfterSelectorReplace","record":"pt14-retry","result":"success"}
{"attempts":1,"failures":[],"operation":"final_cold_open/AfterSelectorReplace","record":"pt14-retry","result":"success"}
{"active_generation":true,"failpoint":"AfterSelectorReplace","old_or_new_only":true,"operation":"repository_open","record":"pt14-final-cold-reopen","selector_manifest_identity":"verified","stage":"final_cold_open/AfterSelectorReplace"}
{"code":"FAULT_INJECTED","expected_selector_committed":true,"failpoint":"AfterSelectorReplace","operation":"migration","raw_os_error":null,"record":"pt14-failpoint","stage":"AfterSelectorReplace"}
{"attempts":1,"failures":[],"operation":"cold_open_after_failpoint/AfterSelectorReplace","record":"pt14-retry","result":"success"}
{"active_generation":true,"failpoint":"AfterSelectorReplace","old_or_new_only":true,"operation":"repository_open","record":"pt14-cold-reopen","stage":"cold_open_after_failpoint/AfterSelectorReplace"}
{"attempts":1,"failures":[],"operation":"migration_retry_after_failpoint/AfterSelectorReplace","record":"pt14-retry","result":"success"}
{"attempts":1,"failures":[],"operation":"cold_open_after_first_retry/AfterSelectorReplace","record":"pt14-retry","result":"success"}
{"attempts":1,"failures":[],"operation":"migration_second_retry/AfterSelectorReplace","record":"pt14-retry","result":"success"}
{"attempts":1,"failures":[],"operation":"final_cold_open/AfterSelectorReplace","record":"pt14-retry","result":"success"}
{"active_generation":true,"failpoint":"AfterSelectorReplace","old_or_new_only":true,"operation":"repository_open","record":"pt14-final-cold-reopen","selector_manifest_identity":"verified","stage":"final_cold_open/AfterSelectorReplace"}
{"code":"FAULT_INJECTED","expected_selector_committed":true,"failpoint":"AfterSelectorReplace","operation":"migration","raw_os_error":null,"record":"pt14-failpoint","stage":"AfterSelectorReplace"}
{"attempts":1,"failures":[],"operation":"cold_open_after_failpoint/AfterSelectorReplace","record":"pt14-retry","result":"success"}
{"active_generation":true,"failpoint":"AfterSelectorReplace","old_or_new_only":true,"operation":"repository_open","record":"pt14-cold-reopen","stage":"cold_open_after_failpoint/AfterSelectorReplace"}
{"attempts":1,"failures":[],"operation":"migration_retry_after_failpoint/AfterSelectorReplace","record":"pt14-retry","result":"success"}
{"attempts":1,"failures":[],"operation":"cold_open_after_first_retry/AfterSelectorReplace","record":"pt14-retry","result":"success"}
{"attempts":1,"failures":[],"operation":"migration_second_retry/AfterSelectorReplace","record":"pt14-retry","result":"success"}
{"attempts":1,"failures":[],"operation":"final_cold_open/AfterSelectorReplace","record":"pt14-retry","result":"success"}
{"active_generation":true,"failpoint":"AfterSelectorReplace","old_or_new_only":true,"operation":"repository_open","record":"pt14-final-cold-reopen","selector_manifest_identity":"verified","stage":"final_cold_open/AfterSelectorReplace"}
{"code":"FAULT_INJECTED","expected_selector_committed":true,"failpoint":"AfterSelectorReplace","operation":"migration","raw_os_error":null,"record":"pt14-failpoint","stage":"AfterSelectorReplace"}
{"attempts":1,"failures":[],"operation":"cold_open_after_failpoint/AfterSelectorReplace","record":"pt14-retry","result":"success"}
{"active_generation":true,"failpoint":"AfterSelectorReplace","old_or_new_only":true,"operation":"repository_open","record":"pt14-cold-reopen","stage":"cold_open_after_failpoint/AfterSelectorReplace"}
{"attempts":1,"failures":[],"operation":"migration_retry_after_failpoint/AfterSelectorReplace","record":"pt14-retry","result":"success"}
{"attempts":1,"failures":[],"operation":"cold_open_after_first_retry/AfterSelectorReplace","record":"pt14-retry","result":"success"}
{"attempts":1,"failures":[],"operation":"migration_second_retry/AfterSelectorReplace","record":"pt14-retry","result":"success"}
{"attempts":1,"failures":[],"operation":"final_cold_open/AfterSelectorReplace","record":"pt14-retry","result":"success"}
{"active_generation":true,"failpoint":"AfterSelectorReplace","old_or_new_only":true,"operation":"repository_open","record":"pt14-final-cold-reopen","selector_manifest_identity":"verified","stage":"final_cold_open/AfterSelectorReplace"}
{"code":"FAULT_INJECTED","expected_selector_committed":true,"failpoint":"AfterSelectorReplace","operation":"migration","raw_os_error":null,"record":"pt14-failpoint","stage":"AfterSelectorReplace"}
{"attempts":1,"failures":[],"operation":"cold_open_after_failpoint/AfterSelectorReplace","record":"pt14-retry","result":"success"}
{"active_generation":true,"failpoint":"AfterSelectorReplace","old_or_new_only":true,"operation":"repository_open","record":"pt14-cold-reopen","stage":"cold_open_after_failpoint/AfterSelectorReplace"}
{"attempts":1,"failures":[],"operation":"migration_retry_after_failpoint/AfterSelectorReplace","record":"pt14-retry","result":"success"}
{"attempts":1,"failures":[],"operation":"cold_open_after_first_retry/AfterSelectorReplace","record":"pt14-retry","result":"success"}
{"attempts":1,"failures":[],"operation":"migration_second_retry/AfterSelectorReplace","record":"pt14-retry","result":"success"}
{"attempts":1,"failures":[],"operation":"final_cold_open/AfterSelectorReplace","record":"pt14-retry","result":"success"}
{"active_generation":true,"failpoint":"AfterSelectorReplace","old_or_new_only":true,"operation":"repository_open","record":"pt14-final-cold-reopen","selector_manifest_identity":"verified","stage":"final_cold_open/AfterSelectorReplace"}
{"code":"FAULT_INJECTED","expected_selector_committed":true,"failpoint":"AfterSelectorReplace","operation":"migration","raw_os_error":null,"record":"pt14-failpoint","stage":"AfterSelectorReplace"}
{"attempts":1,"failures":[],"operation":"cold_open_after_failpoint/AfterSelectorReplace","record":"pt14-retry","result":"success"}
{"active_generation":true,"failpoint":"AfterSelectorReplace","old_or_new_only":true,"operation":"repository_open","record":"pt14-cold-reopen","stage":"cold_open_after_failpoint/AfterSelectorReplace"}
{"attempts":1,"failures":[],"operation":"migration_retry_after_failpoint/AfterSelectorReplace","record":"pt14-retry","result":"success"}
{"attempts":1,"failures":[],"operation":"cold_open_after_first_retry/AfterSelectorReplace","record":"pt14-retry","result":"success"}
{"attempts":1,"failures":[],"operation":"migration_second_retry/AfterSelectorReplace","record":"pt14-retry","result":"success"}
{"attempts":1,"failures":[],"operation":"final_cold_open/AfterSelectorReplace","record":"pt14-retry","result":"success"}
{"active_generation":true,"failpoint":"AfterSelectorReplace","old_or_new_only":true,"operation":"repository_open","record":"pt14-final-cold-reopen","selector_manifest_identity":"verified","stage":"final_cold_open/AfterSelectorReplace"}
{"code":"FAULT_INJECTED","expected_selector_committed":true,"failpoint":"AfterSelectorReplace","operation":"migration","raw_os_error":null,"record":"pt14-failpoint","stage":"AfterSelectorReplace"}
{"attempts":1,"failures":[],"operation":"cold_open_after_failpoint/AfterSelectorReplace","record":"pt14-retry","result":"success"}
{"active_generation":true,"failpoint":"AfterSelectorReplace","old_or_new_only":true,"operation":"repository_open","record":"pt14-cold-reopen","stage":"cold_open_after_failpoint/AfterSelectorReplace"}
{"attempts":1,"failures":[],"operation":"migration_retry_after_failpoint/AfterSelectorReplace","record":"pt14-retry","result":"success"}
{"attempts":1,"failures":[],"operation":"cold_open_after_first_retry/AfterSelectorReplace","record":"pt14-retry","result":"success"}
{"attempts":1,"failures":[],"operation":"migration_second_retry/AfterSelectorReplace","record":"pt14-retry","result":"success"}
{"attempts":1,"failures":[],"operation":"final_cold_open/AfterSelectorReplace","record":"pt14-retry","result":"success"}
{"active_generation":true,"failpoint":"AfterSelectorReplace","old_or_new_only":true,"operation":"repository_open","record":"pt14-final-cold-reopen","selector_manifest_identity":"verified","stage":"final_cold_open/AfterSelectorReplace"}
{"code":"FAULT_INJECTED","expected_selector_committed":true,"failpoint":"AfterSelectorReplace","operation":"migration","raw_os_error":null,"record":"pt14-failpoint","stage":"AfterSelectorReplace"}
{"attempts":1,"failures":[],"operation":"cold_open_after_failpoint/AfterSelectorReplace","record":"pt14-retry","result":"success"}
{"active_generation":true,"failpoint":"AfterSelectorReplace","old_or_new_only":true,"operation":"repository_open","record":"pt14-cold-reopen","stage":"cold_open_after_failpoint/AfterSelectorReplace"}
{"attempts":1,"failures":[],"operation":"migration_retry_after_failpoint/AfterSelectorReplace","record":"pt14-retry","result":"success"}
{"attempts":1,"failures":[],"operation":"cold_open_after_first_retry/AfterSelectorReplace","record":"pt14-retry","result":"success"}
{"attempts":1,"failures":[],"operation":"migration_second_retry/AfterSelectorReplace","record":"pt14-retry","result":"success"}
{"attempts":1,"failures":[],"operation":"final_cold_open/AfterSelectorReplace","record":"pt14-retry","result":"success"}
{"active_generation":true,"failpoint":"AfterSelectorReplace","old_or_new_only":true,"operation":"repository_open","record":"pt14-final-cold-reopen","selector_manifest_identity":"verified","stage":"final_cold_open/AfterSelectorReplace"}
{"code":"FAULT_INJECTED","expected_selector_committed":true,"failpoint":"AfterSelectorReplace","operation":"migration","raw_os_error":null,"record":"pt14-failpoint","stage":"AfterSelectorReplace"}
{"attempts":1,"failures":[],"operation":"cold_open_after_failpoint/AfterSelectorReplace","record":"pt14-retry","result":"success"}
{"active_generation":true,"failpoint":"AfterSelectorReplace","old_or_new_only":true,"operation":"repository_open","record":"pt14-cold-reopen","stage":"cold_open_after_failpoint/AfterSelectorReplace"}
{"attempts":1,"failures":[],"operation":"migration_retry_after_failpoint/AfterSelectorReplace","record":"pt14-retry","result":"success"}
{"attempts":1,"failures":[],"operation":"cold_open_after_first_retry/AfterSelectorReplace","record":"pt14-retry","result":"success"}
{"attempts":1,"failures":[],"operation":"migration_second_retry/AfterSelectorReplace","record":"pt14-retry","result":"success"}
{"attempts":1,"failures":[],"operation":"final_cold_open/AfterSelectorReplace","record":"pt14-retry","result":"success"}
{"active_generation":true,"failpoint":"AfterSelectorReplace","old_or_new_only":true,"operation":"repository_open","record":"pt14-final-cold-reopen","selector_manifest_identity":"verified","stage":"final_cold_open/AfterSelectorReplace"}
{"code":"FAULT_INJECTED","expected_selector_committed":true,"failpoint":"AfterSelectorReplace","operation":"migration","raw_os_error":null,"record":"pt14-failpoint","stage":"AfterSelectorReplace"}
{"attempts":1,"failures":[],"operation":"cold_open_after_failpoint/AfterSelectorReplace","record":"pt14-retry","result":"success"}
{"active_generation":true,"failpoint":"AfterSelectorReplace","old_or_new_only":true,"operation":"repository_open","record":"pt14-cold-reopen","stage":"cold_open_after_failpoint/AfterSelectorReplace"}
{"attempts":1,"failures":[],"operation":"migration_retry_after_failpoint/AfterSelectorReplace","record":"pt14-retry","result":"success"}
{"attempts":1,"failures":[],"operation":"cold_open_after_first_retry/AfterSelectorReplace","record":"pt14-retry","result":"success"}
{"attempts":1,"failures":[],"operation":"migration_second_retry/AfterSelectorReplace","record":"pt14-retry","result":"success"}
{"attempts":1,"failures":[],"operation":"final_cold_open/AfterSelectorReplace","record":"pt14-retry","result":"success"}
{"active_generation":true,"failpoint":"AfterSelectorReplace","old_or_new_only":true,"operation":"repository_open","record":"pt14-final-cold-reopen","selector_manifest_identity":"verified","stage":"final_cold_open/AfterSelectorReplace"}
{"code":"FAULT_INJECTED","expected_selector_committed":true,"failpoint":"AfterSelectorReplace","operation":"migration","raw_os_error":null,"record":"pt14-failpoint","stage":"AfterSelectorReplace"}
{"attempts":1,"failures":[],"operation":"cold_open_after_failpoint/AfterSelectorReplace","record":"pt14-retry","result":"success"}
{"active_generation":true,"failpoint":"AfterSelectorReplace","old_or_new_only":true,"operation":"repository_open","record":"pt14-cold-reopen","stage":"cold_open_after_failpoint/AfterSelectorReplace"}
{"attempts":1,"failures":[],"operation":"migration_retry_after_failpoint/AfterSelectorReplace","record":"pt14-retry","result":"success"}
{"attempts":1,"failures":[],"operation":"cold_open_after_first_retry/AfterSelectorReplace","record":"pt14-retry","result":"success"}
{"attempts":1,"failures":[],"operation":"migration_second_retry/AfterSelectorReplace","record":"pt14-retry","result":"success"}
{"attempts":1,"failures":[],"operation":"final_cold_open/AfterSelectorReplace","record":"pt14-retry","result":"success"}
{"active_generation":true,"failpoint":"AfterSelectorReplace","old_or_new_only":true,"operation":"repository_open","record":"pt14-final-cold-reopen","selector_manifest_identity":"verified","stage":"final_cold_open/AfterSelectorReplace"}
{"code":"FAULT_INJECTED","expected_selector_committed":true,"failpoint":"AfterSelectorReplace","operation":"migration","raw_os_error":null,"record":"pt14-failpoint","stage":"AfterSelectorReplace"}
{"attempts":1,"failures":[],"operation":"cold_open_after_failpoint/AfterSelectorReplace","record":"pt14-retry","result":"success"}
{"active_generation":true,"failpoint":"AfterSelectorReplace","old_or_new_only":true,"operation":"repository_open","record":"pt14-cold-reopen","stage":"cold_open_after_failpoint/AfterSelectorReplace"}
{"attempts":1,"failures":[],"operation":"migration_retry_after_failpoint/AfterSelectorReplace","record":"pt14-retry","result":"success"}
{"attempts":1,"failures":[],"operation":"cold_open_after_first_retry/AfterSelectorReplace","record":"pt14-retry","result":"success"}
{"attempts":1,"failures":[],"operation":"migration_second_retry/AfterSelectorReplace","record":"pt14-retry","result":"success"}
{"attempts":1,"failures":[],"operation":"final_cold_open/AfterSelectorReplace","record":"pt14-retry","result":"success"}
{"active_generation":true,"failpoint":"AfterSelectorReplace","old_or_new_only":true,"operation":"repository_open","record":"pt14-final-cold-reopen","selector_manifest_identity":"verified","stage":"final_cold_open/AfterSelectorReplace"}
{"code":"FAULT_INJECTED","expected_selector_committed":true,"failpoint":"AfterSelectorReplace","operation":"migration","raw_os_error":null,"record":"pt14-failpoint","stage":"AfterSelectorReplace"}
{"attempts":1,"failures":[],"operation":"cold_open_after_failpoint/AfterSelectorReplace","record":"pt14-retry","result":"success"}
{"active_generation":true,"failpoint":"AfterSelectorReplace","old_or_new_only":true,"operation":"repository_open","record":"pt14-cold-reopen","stage":"cold_open_after_failpoint/AfterSelectorReplace"}
{"attempts":1,"failures":[],"operation":"migration_retry_after_failpoint/AfterSelectorReplace","record":"pt14-retry","result":"success"}
{"attempts":1,"failures":[],"operation":"cold_open_after_first_retry/AfterSelectorReplace","record":"pt14-retry","result":"success"}
{"attempts":1,"failures":[],"operation":"migration_second_retry/AfterSelectorReplace","record":"pt14-retry","result":"success"}
{"attempts":1,"failures":[],"operation":"final_cold_open/AfterSelectorReplace","record":"pt14-retry","result":"success"}
{"active_generation":true,"failpoint":"AfterSelectorReplace","old_or_new_only":true,"operation":"repository_open","record":"pt14-final-cold-reopen","selector_manifest_identity":"verified","stage":"final_cold_open/AfterSelectorReplace"}
{"code":"FAULT_INJECTED","expected_selector_committed":true,"failpoint":"AfterSelectorReplace","operation":"migration","raw_os_error":null,"record":"pt14-failpoint","stage":"AfterSelectorReplace"}
{"attempts":1,"failures":[],"operation":"cold_open_after_failpoint/AfterSelectorReplace","record":"pt14-retry","result":"success"}
{"active_generation":true,"failpoint":"AfterSelectorReplace","old_or_new_only":true,"operation":"repository_open","record":"pt14-cold-reopen","stage":"cold_open_after_failpoint/AfterSelectorReplace"}
{"attempts":1,"failures":[],"operation":"migration_retry_after_failpoint/AfterSelectorReplace","record":"pt14-retry","result":"success"}
{"attempts":1,"failures":[],"operation":"cold_open_after_first_retry/AfterSelectorReplace","record":"pt14-retry","result":"success"}
{"attempts":1,"failures":[],"operation":"migration_second_retry/AfterSelectorReplace","record":"pt14-retry","result":"success"}
{"attempts":1,"failures":[],"operation":"final_cold_open/AfterSelectorReplace","record":"pt14-retry","result":"success"}
{"active_generation":true,"failpoint":"AfterSelectorReplace","old_or_new_only":true,"operation":"repository_open","record":"pt14-final-cold-reopen","selector_manifest_identity":"verified","stage":"final_cold_open/AfterSelectorReplace"}
{"code":"FAULT_INJECTED","expected_selector_committed":true,"failpoint":"AfterSelectorReplace","operation":"migration","raw_os_error":null,"record":"pt14-failpoint","stage":"AfterSelectorReplace"}
{"attempts":1,"failures":[],"operation":"cold_open_after_failpoint/AfterSelectorReplace","record":"pt14-retry","result":"success"}
{"active_generation":true,"failpoint":"AfterSelectorReplace","old_or_new_only":true,"operation":"repository_open","record":"pt14-cold-reopen","stage":"cold_open_after_failpoint/AfterSelectorReplace"}
{"attempts":1,"failures":[],"operation":"migration_retry_after_failpoint/AfterSelectorReplace","record":"pt14-retry","result":"success"}
{"attempts":1,"failures":[],"operation":"cold_open_after_first_retry/AfterSelectorReplace","record":"pt14-retry","result":"success"}
{"attempts":1,"failures":[],"operation":"migration_second_retry/AfterSelectorReplace","record":"pt14-retry","result":"success"}
{"attempts":1,"failures":[],"operation":"final_cold_open/AfterSelectorReplace","record":"pt14-retry","result":"success"}
{"active_generation":true,"failpoint":"AfterSelectorReplace","old_or_new_only":true,"operation":"repository_open","record":"pt14-final-cold-reopen","selector_manifest_identity":"verified","stage":"final_cold_open/AfterSelectorReplace"}
{"code":"FAULT_INJECTED","expected_selector_committed":true,"failpoint":"AfterSelectorReplace","operation":"migration","raw_os_error":null,"record":"pt14-failpoint","stage":"AfterSelectorReplace"}
{"attempts":1,"failures":[],"operation":"cold_open_after_failpoint/AfterSelectorReplace","record":"pt14-retry","result":"success"}
{"active_generation":true,"failpoint":"AfterSelectorReplace","old_or_new_only":true,"operation":"repository_open","record":"pt14-cold-reopen","stage":"cold_open_after_failpoint/AfterSelectorReplace"}
{"attempts":1,"failures":[],"operation":"migration_retry_after_failpoint/AfterSelectorReplace","record":"pt14-retry","result":"success"}
{"attempts":1,"failures":[],"operation":"cold_open_after_first_retry/AfterSelectorReplace","record":"pt14-retry","result":"success"}
{"attempts":1,"failures":[],"operation":"migration_second_retry/AfterSelectorReplace","record":"pt14-retry","result":"success"}
{"attempts":1,"failures":[],"operation":"final_cold_open/AfterSelectorReplace","record":"pt14-retry","result":"success"}
{"active_generation":true,"failpoint":"AfterSelectorReplace","old_or_new_only":true,"operation":"repository_open","record":"pt14-final-cold-reopen","selector_manifest_identity":"verified","stage":"final_cold_open/AfterSelectorReplace"}
{"code":"FAULT_INJECTED","expected_selector_committed":true,"failpoint":"AfterSelectorDirectorySync","operation":"migration","raw_os_error":null,"record":"pt14-failpoint","stage":"AfterSelectorDirectorySync"}
{"attempts":1,"failures":[],"operation":"cold_open_after_failpoint/AfterSelectorDirectorySync","record":"pt14-retry","result":"success"}
{"active_generation":true,"failpoint":"AfterSelectorDirectorySync","old_or_new_only":true,"operation":"repository_open","record":"pt14-cold-reopen","stage":"cold_open_after_failpoint/AfterSelectorDirectorySync"}
{"attempts":1,"failures":[],"operation":"migration_retry_after_failpoint/AfterSelectorDirectorySync","record":"pt14-retry","result":"success"}
{"attempts":1,"failures":[],"operation":"cold_open_after_first_retry/AfterSelectorDirectorySync","record":"pt14-retry","result":"success"}
{"attempts":1,"failures":[],"operation":"migration_second_retry/AfterSelectorDirectorySync","record":"pt14-retry","result":"success"}
{"attempts":1,"failures":[],"operation":"final_cold_open/AfterSelectorDirectorySync","record":"pt14-retry","result":"success"}
{"active_generation":true,"failpoint":"AfterSelectorDirectorySync","old_or_new_only":true,"operation":"repository_open","record":"pt14-final-cold-reopen","selector_manifest_identity":"verified","stage":"final_cold_open/AfterSelectorDirectorySync"}
{"code":"FAULT_INJECTED","expected_selector_committed":true,"failpoint":"AfterSelectorDirectorySync","operation":"migration","raw_os_error":null,"record":"pt14-failpoint","stage":"AfterSelectorDirectorySync"}
{"attempts":1,"failures":[],"operation":"cold_open_after_failpoint/AfterSelectorDirectorySync","record":"pt14-retry","result":"success"}
{"active_generation":true,"failpoint":"AfterSelectorDirectorySync","old_or_new_only":true,"operation":"repository_open","record":"pt14-cold-reopen","stage":"cold_open_after_failpoint/AfterSelectorDirectorySync"}
{"attempts":1,"failures":[],"operation":"migration_retry_after_failpoint/AfterSelectorDirectorySync","record":"pt14-retry","result":"success"}
{"attempts":1,"failures":[],"operation":"cold_open_after_first_retry/AfterSelectorDirectorySync","record":"pt14-retry","result":"success"}
{"attempts":1,"failures":[],"operation":"migration_second_retry/AfterSelectorDirectorySync","record":"pt14-retry","result":"success"}
{"attempts":1,"failures":[],"operation":"final_cold_open/AfterSelectorDirectorySync","record":"pt14-retry","result":"success"}
{"active_generation":true,"failpoint":"AfterSelectorDirectorySync","old_or_new_only":true,"operation":"repository_open","record":"pt14-final-cold-reopen","selector_manifest_identity":"verified","stage":"final_cold_open/AfterSelectorDirectorySync"}
{"code":"FAULT_INJECTED","expected_selector_committed":true,"failpoint":"AfterSelectorDirectorySync","operation":"migration","raw_os_error":null,"record":"pt14-failpoint","stage":"AfterSelectorDirectorySync"}
{"attempts":1,"failures":[],"operation":"cold_open_after_failpoint/AfterSelectorDirectorySync","record":"pt14-retry","result":"success"}
{"active_generation":true,"failpoint":"AfterSelectorDirectorySync","old_or_new_only":true,"operation":"repository_open","record":"pt14-cold-reopen","stage":"cold_open_after_failpoint/AfterSelectorDirectorySync"}
{"attempts":1,"failures":[],"operation":"migration_retry_after_failpoint/AfterSelectorDirectorySync","record":"pt14-retry","result":"success"}
{"attempts":1,"failures":[],"operation":"cold_open_after_first_retry/AfterSelectorDirectorySync","record":"pt14-retry","result":"success"}
{"attempts":1,"failures":[],"operation":"migration_second_retry/AfterSelectorDirectorySync","record":"pt14-retry","result":"success"}
{"attempts":1,"failures":[],"operation":"final_cold_open/AfterSelectorDirectorySync","record":"pt14-retry","result":"success"}
{"active_generation":true,"failpoint":"AfterSelectorDirectorySync","old_or_new_only":true,"operation":"repository_open","record":"pt14-final-cold-reopen","selector_manifest_identity":"verified","stage":"final_cold_open/AfterSelectorDirectorySync"}
{"code":"FAULT_INJECTED","expected_selector_committed":true,"failpoint":"AfterSelectorDirectorySync","operation":"migration","raw_os_error":null,"record":"pt14-failpoint","stage":"AfterSelectorDirectorySync"}
{"attempts":1,"failures":[],"operation":"cold_open_after_failpoint/AfterSelectorDirectorySync","record":"pt14-retry","result":"success"}
{"active_generation":true,"failpoint":"AfterSelectorDirectorySync","old_or_new_only":true,"operation":"repository_open","record":"pt14-cold-reopen","stage":"cold_open_after_failpoint/AfterSelectorDirectorySync"}
{"attempts":1,"failures":[],"operation":"migration_retry_after_failpoint/AfterSelectorDirectorySync","record":"pt14-retry","result":"success"}
{"attempts":1,"failures":[],"operation":"cold_open_after_first_retry/AfterSelectorDirectorySync","record":"pt14-retry","result":"success"}
{"attempts":1,"failures":[],"operation":"migration_second_retry/AfterSelectorDirectorySync","record":"pt14-retry","result":"success"}
{"attempts":1,"failures":[],"operation":"final_cold_open/AfterSelectorDirectorySync","record":"pt14-retry","result":"success"}
{"active_generation":true,"failpoint":"AfterSelectorDirectorySync","old_or_new_only":true,"operation":"repository_open","record":"pt14-final-cold-reopen","selector_manifest_identity":"verified","stage":"final_cold_open/AfterSelectorDirectorySync"}
{"code":"FAULT_INJECTED","expected_selector_committed":true,"failpoint":"AfterSelectorDirectorySync","operation":"migration","raw_os_error":null,"record":"pt14-failpoint","stage":"AfterSelectorDirectorySync"}
{"attempts":1,"failures":[],"operation":"cold_open_after_failpoint/AfterSelectorDirectorySync","record":"pt14-retry","result":"success"}
{"active_generation":true,"failpoint":"AfterSelectorDirectorySync","old_or_new_only":true,"operation":"repository_open","record":"pt14-cold-reopen","stage":"cold_open_after_failpoint/AfterSelectorDirectorySync"}
{"attempts":1,"failures":[],"operation":"migration_retry_after_failpoint/AfterSelectorDirectorySync","record":"pt14-retry","result":"success"}
{"attempts":1,"failures":[],"operation":"cold_open_after_first_retry/AfterSelectorDirectorySync","record":"pt14-retry","result":"success"}
{"attempts":1,"failures":[],"operation":"migration_second_retry/AfterSelectorDirectorySync","record":"pt14-retry","result":"success"}
{"attempts":1,"failures":[],"operation":"final_cold_open/AfterSelectorDirectorySync","record":"pt14-retry","result":"success"}
{"active_generation":true,"failpoint":"AfterSelectorDirectorySync","old_or_new_only":true,"operation":"repository_open","record":"pt14-final-cold-reopen","selector_manifest_identity":"verified","stage":"final_cold_open/AfterSelectorDirectorySync"}
{"code":"FAULT_INJECTED","expected_selector_committed":true,"failpoint":"AfterSelectorDirectorySync","operation":"migration","raw_os_error":null,"record":"pt14-failpoint","stage":"AfterSelectorDirectorySync"}
{"attempts":1,"failures":[],"operation":"cold_open_after_failpoint/AfterSelectorDirectorySync","record":"pt14-retry","result":"success"}
{"active_generation":true,"failpoint":"AfterSelectorDirectorySync","old_or_new_only":true,"operation":"repository_open","record":"pt14-cold-reopen","stage":"cold_open_after_failpoint/AfterSelectorDirectorySync"}
{"attempts":1,"failures":[],"operation":"migration_retry_after_failpoint/AfterSelectorDirectorySync","record":"pt14-retry","result":"success"}
{"attempts":1,"failures":[],"operation":"cold_open_after_first_retry/AfterSelectorDirectorySync","record":"pt14-retry","result":"success"}
{"attempts":1,"failures":[],"operation":"migration_second_retry/AfterSelectorDirectorySync","record":"pt14-retry","result":"success"}
{"attempts":1,"failures":[],"operation":"final_cold_open/AfterSelectorDirectorySync","record":"pt14-retry","result":"success"}
{"active_generation":true,"failpoint":"AfterSelectorDirectorySync","old_or_new_only":true,"operation":"repository_open","record":"pt14-final-cold-reopen","selector_manifest_identity":"verified","stage":"final_cold_open/AfterSelectorDirectorySync"}
{"code":"FAULT_INJECTED","expected_selector_committed":true,"failpoint":"AfterSelectorDirectorySync","operation":"migration","raw_os_error":null,"record":"pt14-failpoint","stage":"AfterSelectorDirectorySync"}
{"attempts":1,"failures":[],"operation":"cold_open_after_failpoint/AfterSelectorDirectorySync","record":"pt14-retry","result":"success"}
{"active_generation":true,"failpoint":"AfterSelectorDirectorySync","old_or_new_only":true,"operation":"repository_open","record":"pt14-cold-reopen","stage":"cold_open_after_failpoint/AfterSelectorDirectorySync"}
{"attempts":1,"failures":[],"operation":"migration_retry_after_failpoint/AfterSelectorDirectorySync","record":"pt14-retry","result":"success"}
{"attempts":1,"failures":[],"operation":"cold_open_after_first_retry/AfterSelectorDirectorySync","record":"pt14-retry","result":"success"}
{"attempts":1,"failures":[],"operation":"migration_second_retry/AfterSelectorDirectorySync","record":"pt14-retry","result":"success"}
{"attempts":1,"failures":[],"operation":"final_cold_open/AfterSelectorDirectorySync","record":"pt14-retry","result":"success"}
{"active_generation":true,"failpoint":"AfterSelectorDirectorySync","old_or_new_only":true,"operation":"repository_open","record":"pt14-final-cold-reopen","selector_manifest_identity":"verified","stage":"final_cold_open/AfterSelectorDirectorySync"}
{"code":"FAULT_INJECTED","expected_selector_committed":true,"failpoint":"AfterSelectorDirectorySync","operation":"migration","raw_os_error":null,"record":"pt14-failpoint","stage":"AfterSelectorDirectorySync"}
{"attempts":1,"failures":[],"operation":"cold_open_after_failpoint/AfterSelectorDirectorySync","record":"pt14-retry","result":"success"}
{"active_generation":true,"failpoint":"AfterSelectorDirectorySync","old_or_new_only":true,"operation":"repository_open","record":"pt14-cold-reopen","stage":"cold_open_after_failpoint/AfterSelectorDirectorySync"}
{"attempts":1,"failures":[],"operation":"migration_retry_after_failpoint/AfterSelectorDirectorySync","record":"pt14-retry","result":"success"}
{"attempts":1,"failures":[],"operation":"cold_open_after_first_retry/AfterSelectorDirectorySync","record":"pt14-retry","result":"success"}
{"attempts":1,"failures":[],"operation":"migration_second_retry/AfterSelectorDirectorySync","record":"pt14-retry","result":"success"}
{"attempts":1,"failures":[],"operation":"final_cold_open/AfterSelectorDirectorySync","record":"pt14-retry","result":"success"}
{"active_generation":true,"failpoint":"AfterSelectorDirectorySync","old_or_new_only":true,"operation":"repository_open","record":"pt14-final-cold-reopen","selector_manifest_identity":"verified","stage":"final_cold_open/AfterSelectorDirectorySync"}
{"code":"FAULT_INJECTED","expected_selector_committed":true,"failpoint":"AfterSelectorDirectorySync","operation":"migration","raw_os_error":null,"record":"pt14-failpoint","stage":"AfterSelectorDirectorySync"}
{"attempts":1,"failures":[],"operation":"cold_open_after_failpoint/AfterSelectorDirectorySync","record":"pt14-retry","result":"success"}
{"active_generation":true,"failpoint":"AfterSelectorDirectorySync","old_or_new_only":true,"operation":"repository_open","record":"pt14-cold-reopen","stage":"cold_open_after_failpoint/AfterSelectorDirectorySync"}
{"attempts":1,"failures":[],"operation":"migration_retry_after_failpoint/AfterSelectorDirectorySync","record":"pt14-retry","result":"success"}
{"attempts":1,"failures":[],"operation":"cold_open_after_first_retry/AfterSelectorDirectorySync","record":"pt14-retry","result":"success"}
{"attempts":1,"failures":[],"operation":"migration_second_retry/AfterSelectorDirectorySync","record":"pt14-retry","result":"success"}
{"attempts":1,"failures":[],"operation":"final_cold_open/AfterSelectorDirectorySync","record":"pt14-retry","result":"success"}
{"active_generation":true,"failpoint":"AfterSelectorDirectorySync","old_or_new_only":true,"operation":"repository_open","record":"pt14-final-cold-reopen","selector_manifest_identity":"verified","stage":"final_cold_open/AfterSelectorDirectorySync"}
{"code":"FAULT_INJECTED","expected_selector_committed":true,"failpoint":"AfterSelectorDirectorySync","operation":"migration","raw_os_error":null,"record":"pt14-failpoint","stage":"AfterSelectorDirectorySync"}
{"attempts":1,"failures":[],"operation":"cold_open_after_failpoint/AfterSelectorDirectorySync","record":"pt14-retry","result":"success"}
{"active_generation":true,"failpoint":"AfterSelectorDirectorySync","old_or_new_only":true,"operation":"repository_open","record":"pt14-cold-reopen","stage":"cold_open_after_failpoint/AfterSelectorDirectorySync"}
{"attempts":1,"failures":[],"operation":"migration_retry_after_failpoint/AfterSelectorDirectorySync","record":"pt14-retry","result":"success"}
{"attempts":1,"failures":[],"operation":"cold_open_after_first_retry/AfterSelectorDirectorySync","record":"pt14-retry","result":"success"}
{"attempts":1,"failures":[],"operation":"migration_second_retry/AfterSelectorDirectorySync","record":"pt14-retry","result":"success"}
{"attempts":1,"failures":[],"operation":"final_cold_open/AfterSelectorDirectorySync","record":"pt14-retry","result":"success"}
{"active_generation":true,"failpoint":"AfterSelectorDirectorySync","old_or_new_only":true,"operation":"repository_open","record":"pt14-final-cold-reopen","selector_manifest_identity":"verified","stage":"final_cold_open/AfterSelectorDirectorySync"}
{"code":"FAULT_INJECTED","expected_selector_committed":true,"failpoint":"AfterSelectorDirectorySync","operation":"migration","raw_os_error":null,"record":"pt14-failpoint","stage":"AfterSelectorDirectorySync"}
{"attempts":1,"failures":[],"operation":"cold_open_after_failpoint/AfterSelectorDirectorySync","record":"pt14-retry","result":"success"}
{"active_generation":true,"failpoint":"AfterSelectorDirectorySync","old_or_new_only":true,"operation":"repository_open","record":"pt14-cold-reopen","stage":"cold_open_after_failpoint/AfterSelectorDirectorySync"}
{"attempts":1,"failures":[],"operation":"migration_retry_after_failpoint/AfterSelectorDirectorySync","record":"pt14-retry","result":"success"}
{"attempts":1,"failures":[],"operation":"cold_open_after_first_retry/AfterSelectorDirectorySync","record":"pt14-retry","result":"success"}
{"attempts":1,"failures":[],"operation":"migration_second_retry/AfterSelectorDirectorySync","record":"pt14-retry","result":"success"}
{"attempts":1,"failures":[],"operation":"final_cold_open/AfterSelectorDirectorySync","record":"pt14-retry","result":"success"}
{"active_generation":true,"failpoint":"AfterSelectorDirectorySync","old_or_new_only":true,"operation":"repository_open","record":"pt14-final-cold-reopen","selector_manifest_identity":"verified","stage":"final_cold_open/AfterSelectorDirectorySync"}
{"code":"FAULT_INJECTED","expected_selector_committed":true,"failpoint":"AfterSelectorDirectorySync","operation":"migration","raw_os_error":null,"record":"pt14-failpoint","stage":"AfterSelectorDirectorySync"}
{"attempts":1,"failures":[],"operation":"cold_open_after_failpoint/AfterSelectorDirectorySync","record":"pt14-retry","result":"success"}
{"active_generation":true,"failpoint":"AfterSelectorDirectorySync","old_or_new_only":true,"operation":"repository_open","record":"pt14-cold-reopen","stage":"cold_open_after_failpoint/AfterSelectorDirectorySync"}
{"attempts":1,"failures":[],"operation":"migration_retry_after_failpoint/AfterSelectorDirectorySync","record":"pt14-retry","result":"success"}
{"attempts":1,"failures":[],"operation":"cold_open_after_first_retry/AfterSelectorDirectorySync","record":"pt14-retry","result":"success"}
{"attempts":1,"failures":[],"operation":"migration_second_retry/AfterSelectorDirectorySync","record":"pt14-retry","result":"success"}
{"attempts":1,"failures":[],"operation":"final_cold_open/AfterSelectorDirectorySync","record":"pt14-retry","result":"success"}
{"active_generation":true,"failpoint":"AfterSelectorDirectorySync","old_or_new_only":true,"operation":"repository_open","record":"pt14-final-cold-reopen","selector_manifest_identity":"verified","stage":"final_cold_open/AfterSelectorDirectorySync"}
{"code":"FAULT_INJECTED","expected_selector_committed":true,"failpoint":"AfterSelectorDirectorySync","operation":"migration","raw_os_error":null,"record":"pt14-failpoint","stage":"AfterSelectorDirectorySync"}
{"attempts":1,"failures":[],"operation":"cold_open_after_failpoint/AfterSelectorDirectorySync","record":"pt14-retry","result":"success"}
{"active_generation":true,"failpoint":"AfterSelectorDirectorySync","old_or_new_only":true,"operation":"repository_open","record":"pt14-cold-reopen","stage":"cold_open_after_failpoint/AfterSelectorDirectorySync"}
{"attempts":1,"failures":[],"operation":"migration_retry_after_failpoint/AfterSelectorDirectorySync","record":"pt14-retry","result":"success"}
{"attempts":1,"failures":[],"operation":"cold_open_after_first_retry/AfterSelectorDirectorySync","record":"pt14-retry","result":"success"}
{"attempts":1,"failures":[],"operation":"migration_second_retry/AfterSelectorDirectorySync","record":"pt14-retry","result":"success"}
{"attempts":1,"failures":[],"operation":"final_cold_open/AfterSelectorDirectorySync","record":"pt14-retry","result":"success"}
{"active_generation":true,"failpoint":"AfterSelectorDirectorySync","old_or_new_only":true,"operation":"repository_open","record":"pt14-final-cold-reopen","selector_manifest_identity":"verified","stage":"final_cold_open/AfterSelectorDirectorySync"}
{"code":"FAULT_INJECTED","expected_selector_committed":true,"failpoint":"AfterSelectorDirectorySync","operation":"migration","raw_os_error":null,"record":"pt14-failpoint","stage":"AfterSelectorDirectorySync"}
{"attempts":1,"failures":[],"operation":"cold_open_after_failpoint/AfterSelectorDirectorySync","record":"pt14-retry","result":"success"}
{"active_generation":true,"failpoint":"AfterSelectorDirectorySync","old_or_new_only":true,"operation":"repository_open","record":"pt14-cold-reopen","stage":"cold_open_after_failpoint/AfterSelectorDirectorySync"}
{"attempts":1,"failures":[],"operation":"migration_retry_after_failpoint/AfterSelectorDirectorySync","record":"pt14-retry","result":"success"}
{"attempts":1,"failures":[],"operation":"cold_open_after_first_retry/AfterSelectorDirectorySync","record":"pt14-retry","result":"success"}
{"attempts":1,"failures":[],"operation":"migration_second_retry/AfterSelectorDirectorySync","record":"pt14-retry","result":"success"}
{"attempts":1,"failures":[],"operation":"final_cold_open/AfterSelectorDirectorySync","record":"pt14-retry","result":"success"}
{"active_generation":true,"failpoint":"AfterSelectorDirectorySync","old_or_new_only":true,"operation":"repository_open","record":"pt14-final-cold-reopen","selector_manifest_identity":"verified","stage":"final_cold_open/AfterSelectorDirectorySync"}
{"code":"FAULT_INJECTED","expected_selector_committed":true,"failpoint":"AfterSelectorDirectorySync","operation":"migration","raw_os_error":null,"record":"pt14-failpoint","stage":"AfterSelectorDirectorySync"}
{"attempts":1,"failures":[],"operation":"cold_open_after_failpoint/AfterSelectorDirectorySync","record":"pt14-retry","result":"success"}
{"active_generation":true,"failpoint":"AfterSelectorDirectorySync","old_or_new_only":true,"operation":"repository_open","record":"pt14-cold-reopen","stage":"cold_open_after_failpoint/AfterSelectorDirectorySync"}
{"attempts":1,"failures":[],"operation":"migration_retry_after_failpoint/AfterSelectorDirectorySync","record":"pt14-retry","result":"success"}
{"attempts":1,"failures":[],"operation":"cold_open_after_first_retry/AfterSelectorDirectorySync","record":"pt14-retry","result":"success"}
{"attempts":1,"failures":[],"operation":"migration_second_retry/AfterSelectorDirectorySync","record":"pt14-retry","result":"success"}
{"attempts":1,"failures":[],"operation":"final_cold_open/AfterSelectorDirectorySync","record":"pt14-retry","result":"success"}
{"active_generation":true,"failpoint":"AfterSelectorDirectorySync","old_or_new_only":true,"operation":"repository_open","record":"pt14-final-cold-reopen","selector_manifest_identity":"verified","stage":"final_cold_open/AfterSelectorDirectorySync"}
{"code":"FAULT_INJECTED","expected_selector_committed":true,"failpoint":"AfterSelectorDirectorySync","operation":"migration","raw_os_error":null,"record":"pt14-failpoint","stage":"AfterSelectorDirectorySync"}
{"attempts":1,"failures":[],"operation":"cold_open_after_failpoint/AfterSelectorDirectorySync","record":"pt14-retry","result":"success"}
{"active_generation":true,"failpoint":"AfterSelectorDirectorySync","old_or_new_only":true,"operation":"repository_open","record":"pt14-cold-reopen","stage":"cold_open_after_failpoint/AfterSelectorDirectorySync"}
{"attempts":1,"failures":[],"operation":"migration_retry_after_failpoint/AfterSelectorDirectorySync","record":"pt14-retry","result":"success"}
{"attempts":1,"failures":[],"operation":"cold_open_after_first_retry/AfterSelectorDirectorySync","record":"pt14-retry","result":"success"}
{"attempts":1,"failures":[],"operation":"migration_second_retry/AfterSelectorDirectorySync","record":"pt14-retry","result":"success"}
{"attempts":1,"failures":[],"operation":"final_cold_open/AfterSelectorDirectorySync","record":"pt14-retry","result":"success"}
{"active_generation":true,"failpoint":"AfterSelectorDirectorySync","old_or_new_only":true,"operation":"repository_open","record":"pt14-final-cold-reopen","selector_manifest_identity":"verified","stage":"final_cold_open/AfterSelectorDirectorySync"}
{"code":"FAULT_INJECTED","expected_selector_committed":true,"failpoint":"AfterSelectorDirectorySync","operation":"migration","raw_os_error":null,"record":"pt14-failpoint","stage":"AfterSelectorDirectorySync"}
{"attempts":1,"failures":[],"operation":"cold_open_after_failpoint/AfterSelectorDirectorySync","record":"pt14-retry","result":"success"}
{"active_generation":true,"failpoint":"AfterSelectorDirectorySync","old_or_new_only":true,"operation":"repository_open","record":"pt14-cold-reopen","stage":"cold_open_after_failpoint/AfterSelectorDirectorySync"}
{"attempts":1,"failures":[],"operation":"migration_retry_after_failpoint/AfterSelectorDirectorySync","record":"pt14-retry","result":"success"}
{"attempts":1,"failures":[],"operation":"cold_open_after_first_retry/AfterSelectorDirectorySync","record":"pt14-retry","result":"success"}
{"attempts":1,"failures":[],"operation":"migration_second_retry/AfterSelectorDirectorySync","record":"pt14-retry","result":"success"}
{"attempts":1,"failures":[],"operation":"final_cold_open/AfterSelectorDirectorySync","record":"pt14-retry","result":"success"}
{"active_generation":true,"failpoint":"AfterSelectorDirectorySync","old_or_new_only":true,"operation":"repository_open","record":"pt14-final-cold-reopen","selector_manifest_identity":"verified","stage":"final_cold_open/AfterSelectorDirectorySync"}
{"code":"FAULT_INJECTED","expected_selector_committed":true,"failpoint":"AfterSelectorDirectorySync","operation":"migration","raw_os_error":null,"record":"pt14-failpoint","stage":"AfterSelectorDirectorySync"}
{"attempts":1,"failures":[],"operation":"cold_open_after_failpoint/AfterSelectorDirectorySync","record":"pt14-retry","result":"success"}
{"active_generation":true,"failpoint":"AfterSelectorDirectorySync","old_or_new_only":true,"operation":"repository_open","record":"pt14-cold-reopen","stage":"cold_open_after_failpoint/AfterSelectorDirectorySync"}
{"attempts":1,"failures":[],"operation":"migration_retry_after_failpoint/AfterSelectorDirectorySync","record":"pt14-retry","result":"success"}
{"attempts":1,"failures":[],"operation":"cold_open_after_first_retry/AfterSelectorDirectorySync","record":"pt14-retry","result":"success"}
{"attempts":1,"failures":[],"operation":"migration_second_retry/AfterSelectorDirectorySync","record":"pt14-retry","result":"success"}
{"attempts":1,"failures":[],"operation":"final_cold_open/AfterSelectorDirectorySync","record":"pt14-retry","result":"success"}
{"active_generation":true,"failpoint":"AfterSelectorDirectorySync","old_or_new_only":true,"operation":"repository_open","record":"pt14-final-cold-reopen","selector_manifest_identity":"verified","stage":"final_cold_open/AfterSelectorDirectorySync"}
{"code":"FAULT_INJECTED","expected_selector_committed":true,"failpoint":"AfterSelectorDirectorySync","operation":"migration","raw_os_error":null,"record":"pt14-failpoint","stage":"AfterSelectorDirectorySync"}
{"attempts":1,"failures":[],"operation":"cold_open_after_failpoint/AfterSelectorDirectorySync","record":"pt14-retry","result":"success"}
{"active_generation":true,"failpoint":"AfterSelectorDirectorySync","old_or_new_only":true,"operation":"repository_open","record":"pt14-cold-reopen","stage":"cold_open_after_failpoint/AfterSelectorDirectorySync"}
{"attempts":1,"failures":[],"operation":"migration_retry_after_failpoint/AfterSelectorDirectorySync","record":"pt14-retry","result":"success"}
{"attempts":1,"failures":[],"operation":"cold_open_after_first_retry/AfterSelectorDirectorySync","record":"pt14-retry","result":"success"}
{"attempts":1,"failures":[],"operation":"migration_second_retry/AfterSelectorDirectorySync","record":"pt14-retry","result":"success"}
{"attempts":1,"failures":[],"operation":"final_cold_open/AfterSelectorDirectorySync","record":"pt14-retry","result":"success"}
{"active_generation":true,"failpoint":"AfterSelectorDirectorySync","old_or_new_only":true,"operation":"repository_open","record":"pt14-final-cold-reopen","selector_manifest_identity":"verified","stage":"final_cold_open/AfterSelectorDirectorySync"}
{"code":"FAULT_INJECTED","expected_selector_committed":true,"failpoint":"AfterSelectorDirectorySync","operation":"migration","raw_os_error":null,"record":"pt14-failpoint","stage":"AfterSelectorDirectorySync"}
{"attempts":1,"failures":[],"operation":"cold_open_after_failpoint/AfterSelectorDirectorySync","record":"pt14-retry","result":"success"}
{"active_generation":true,"failpoint":"AfterSelectorDirectorySync","old_or_new_only":true,"operation":"repository_open","record":"pt14-cold-reopen","stage":"cold_open_after_failpoint/AfterSelectorDirectorySync"}
{"attempts":1,"failures":[],"operation":"migration_retry_after_failpoint/AfterSelectorDirectorySync","record":"pt14-retry","result":"success"}
{"attempts":1,"failures":[],"operation":"cold_open_after_first_retry/AfterSelectorDirectorySync","record":"pt14-retry","result":"success"}
{"attempts":1,"failures":[],"operation":"migration_second_retry/AfterSelectorDirectorySync","record":"pt14-retry","result":"success"}
{"attempts":1,"failures":[],"operation":"final_cold_open/AfterSelectorDirectorySync","record":"pt14-retry","result":"success"}
{"active_generation":true,"failpoint":"AfterSelectorDirectorySync","old_or_new_only":true,"operation":"repository_open","record":"pt14-final-cold-reopen","selector_manifest_identity":"verified","stage":"final_cold_open/AfterSelectorDirectorySync"}
{"code":"FAULT_INJECTED","expected_selector_committed":true,"failpoint":"AfterSelectorDirectorySync","operation":"migration","raw_os_error":null,"record":"pt14-failpoint","stage":"AfterSelectorDirectorySync"}
{"attempts":1,"failures":[],"operation":"cold_open_after_failpoint/AfterSelectorDirectorySync","record":"pt14-retry","result":"success"}
{"active_generation":true,"failpoint":"AfterSelectorDirectorySync","old_or_new_only":true,"operation":"repository_open","record":"pt14-cold-reopen","stage":"cold_open_after_failpoint/AfterSelectorDirectorySync"}
{"attempts":1,"failures":[],"operation":"migration_retry_after_failpoint/AfterSelectorDirectorySync","record":"pt14-retry","result":"success"}
{"attempts":1,"failures":[],"operation":"cold_open_after_first_retry/AfterSelectorDirectorySync","record":"pt14-retry","result":"success"}
{"attempts":1,"failures":[],"operation":"migration_second_retry/AfterSelectorDirectorySync","record":"pt14-retry","result":"success"}
{"attempts":1,"failures":[],"operation":"final_cold_open/AfterSelectorDirectorySync","record":"pt14-retry","result":"success"}
{"active_generation":true,"failpoint":"AfterSelectorDirectorySync","old_or_new_only":true,"operation":"repository_open","record":"pt14-final-cold-reopen","selector_manifest_identity":"verified","stage":"final_cold_open/AfterSelectorDirectorySync"}
{"code":"FAULT_INJECTED","expected_selector_committed":true,"failpoint":"AfterSelectorDirectorySync","operation":"migration","raw_os_error":null,"record":"pt14-failpoint","stage":"AfterSelectorDirectorySync"}
{"attempts":1,"failures":[],"operation":"cold_open_after_failpoint/AfterSelectorDirectorySync","record":"pt14-retry","result":"success"}
{"active_generation":true,"failpoint":"AfterSelectorDirectorySync","old_or_new_only":true,"operation":"repository_open","record":"pt14-cold-reopen","stage":"cold_open_after_failpoint/AfterSelectorDirectorySync"}
{"attempts":1,"failures":[],"operation":"migration_retry_after_failpoint/AfterSelectorDirectorySync","record":"pt14-retry","result":"success"}
{"attempts":1,"failures":[],"operation":"cold_open_after_first_retry/AfterSelectorDirectorySync","record":"pt14-retry","result":"success"}
{"attempts":1,"failures":[],"operation":"migration_second_retry/AfterSelectorDirectorySync","record":"pt14-retry","result":"success"}
{"attempts":1,"failures":[],"operation":"final_cold_open/AfterSelectorDirectorySync","record":"pt14-retry","result":"success"}
{"active_generation":true,"failpoint":"AfterSelectorDirectorySync","old_or_new_only":true,"operation":"repository_open","record":"pt14-final-cold-reopen","selector_manifest_identity":"verified","stage":"final_cold_open/AfterSelectorDirectorySync"}
{"code":"FAULT_INJECTED","expected_selector_committed":true,"failpoint":"AfterSelectorDirectorySync","operation":"migration","raw_os_error":null,"record":"pt14-failpoint","stage":"AfterSelectorDirectorySync"}
{"attempts":1,"failures":[],"operation":"cold_open_after_failpoint/AfterSelectorDirectorySync","record":"pt14-retry","result":"success"}
{"active_generation":true,"failpoint":"AfterSelectorDirectorySync","old_or_new_only":true,"operation":"repository_open","record":"pt14-cold-reopen","stage":"cold_open_after_failpoint/AfterSelectorDirectorySync"}
{"attempts":1,"failures":[],"operation":"migration_retry_after_failpoint/AfterSelectorDirectorySync","record":"pt14-retry","result":"success"}
{"attempts":1,"failures":[],"operation":"cold_open_after_first_retry/AfterSelectorDirectorySync","record":"pt14-retry","result":"success"}
{"attempts":1,"failures":[],"operation":"migration_second_retry/AfterSelectorDirectorySync","record":"pt14-retry","result":"success"}
{"attempts":1,"failures":[],"operation":"final_cold_open/AfterSelectorDirectorySync","record":"pt14-retry","result":"success"}
{"active_generation":true,"failpoint":"AfterSelectorDirectorySync","old_or_new_only":true,"operation":"repository_open","record":"pt14-final-cold-reopen","selector_manifest_identity":"verified","stage":"final_cold_open/AfterSelectorDirectorySync"}
{"code":"FAULT_INJECTED","expected_selector_committed":true,"failpoint":"AfterSelectorDirectorySync","operation":"migration","raw_os_error":null,"record":"pt14-failpoint","stage":"AfterSelectorDirectorySync"}
{"attempts":1,"failures":[],"operation":"cold_open_after_failpoint/AfterSelectorDirectorySync","record":"pt14-retry","result":"success"}
{"active_generation":true,"failpoint":"AfterSelectorDirectorySync","old_or_new_only":true,"operation":"repository_open","record":"pt14-cold-reopen","stage":"cold_open_after_failpoint/AfterSelectorDirectorySync"}
{"attempts":1,"failures":[],"operation":"migration_retry_after_failpoint/AfterSelectorDirectorySync","record":"pt14-retry","result":"success"}
{"attempts":1,"failures":[],"operation":"cold_open_after_first_retry/AfterSelectorDirectorySync","record":"pt14-retry","result":"success"}
{"attempts":1,"failures":[],"operation":"migration_second_retry/AfterSelectorDirectorySync","record":"pt14-retry","result":"success"}
{"attempts":1,"failures":[],"operation":"final_cold_open/AfterSelectorDirectorySync","record":"pt14-retry","result":"success"}
{"active_generation":true,"failpoint":"AfterSelectorDirectorySync","old_or_new_only":true,"operation":"repository_open","record":"pt14-final-cold-reopen","selector_manifest_identity":"verified","stage":"final_cold_open/AfterSelectorDirectorySync"}
{"code":"FAULT_INJECTED","expected_selector_committed":true,"failpoint":"AfterSelectorDirectorySync","operation":"migration","raw_os_error":null,"record":"pt14-failpoint","stage":"AfterSelectorDirectorySync"}
{"attempts":1,"failures":[],"operation":"cold_open_after_failpoint/AfterSelectorDirectorySync","record":"pt14-retry","result":"success"}
{"active_generation":true,"failpoint":"AfterSelectorDirectorySync","old_or_new_only":true,"operation":"repository_open","record":"pt14-cold-reopen","stage":"cold_open_after_failpoint/AfterSelectorDirectorySync"}
{"attempts":1,"failures":[],"operation":"migration_retry_after_failpoint/AfterSelectorDirectorySync","record":"pt14-retry","result":"success"}
{"attempts":1,"failures":[],"operation":"cold_open_after_first_retry/AfterSelectorDirectorySync","record":"pt14-retry","result":"success"}
{"attempts":1,"failures":[],"operation":"migration_second_retry/AfterSelectorDirectorySync","record":"pt14-retry","result":"success"}
{"attempts":1,"failures":[],"operation":"final_cold_open/AfterSelectorDirectorySync","record":"pt14-retry","result":"success"}
{"active_generation":true,"failpoint":"AfterSelectorDirectorySync","old_or_new_only":true,"operation":"repository_open","record":"pt14-final-cold-reopen","selector_manifest_identity":"verified","stage":"final_cold_open/AfterSelectorDirectorySync"}
{"code":"FAULT_INJECTED","expected_selector_committed":true,"failpoint":"AfterSelectorDirectorySync","operation":"migration","raw_os_error":null,"record":"pt14-failpoint","stage":"AfterSelectorDirectorySync"}
{"attempts":1,"failures":[],"operation":"cold_open_after_failpoint/AfterSelectorDirectorySync","record":"pt14-retry","result":"success"}
{"active_generation":true,"failpoint":"AfterSelectorDirectorySync","old_or_new_only":true,"operation":"repository_open","record":"pt14-cold-reopen","stage":"cold_open_after_failpoint/AfterSelectorDirectorySync"}
{"attempts":1,"failures":[],"operation":"migration_retry_after_failpoint/AfterSelectorDirectorySync","record":"pt14-retry","result":"success"}
{"attempts":1,"failures":[],"operation":"cold_open_after_first_retry/AfterSelectorDirectorySync","record":"pt14-retry","result":"success"}
{"attempts":1,"failures":[],"operation":"migration_second_retry/AfterSelectorDirectorySync","record":"pt14-retry","result":"success"}
{"attempts":1,"failures":[],"operation":"final_cold_open/AfterSelectorDirectorySync","record":"pt14-retry","result":"success"}
{"active_generation":true,"failpoint":"AfterSelectorDirectorySync","old_or_new_only":true,"operation":"repository_open","record":"pt14-final-cold-reopen","selector_manifest_identity":"verified","stage":"final_cold_open/AfterSelectorDirectorySync"}
{"code":"FAULT_INJECTED","expected_selector_committed":true,"failpoint":"AfterSelectorDirectorySync","operation":"migration","raw_os_error":null,"record":"pt14-failpoint","stage":"AfterSelectorDirectorySync"}
{"attempts":1,"failures":[],"operation":"cold_open_after_failpoint/AfterSelectorDirectorySync","record":"pt14-retry","result":"success"}
{"active_generation":true,"failpoint":"AfterSelectorDirectorySync","old_or_new_only":true,"operation":"repository_open","record":"pt14-cold-reopen","stage":"cold_open_after_failpoint/AfterSelectorDirectorySync"}
{"attempts":1,"failures":[],"operation":"migration_retry_after_failpoint/AfterSelectorDirectorySync","record":"pt14-retry","result":"success"}
{"attempts":1,"failures":[],"operation":"cold_open_after_first_retry/AfterSelectorDirectorySync","record":"pt14-retry","result":"success"}
{"attempts":1,"failures":[],"operation":"migration_second_retry/AfterSelectorDirectorySync","record":"pt14-retry","result":"success"}
{"attempts":1,"failures":[],"operation":"final_cold_open/AfterSelectorDirectorySync","record":"pt14-retry","result":"success"}
{"active_generation":true,"failpoint":"AfterSelectorDirectorySync","old_or_new_only":true,"operation":"repository_open","record":"pt14-final-cold-reopen","selector_manifest_identity":"verified","stage":"final_cold_open/AfterSelectorDirectorySync"}
{"code":"FAULT_INJECTED","expected_selector_committed":true,"failpoint":"AfterSelectorDirectorySync","operation":"migration","raw_os_error":null,"record":"pt14-failpoint","stage":"AfterSelectorDirectorySync"}
{"attempts":1,"failures":[],"operation":"cold_open_after_failpoint/AfterSelectorDirectorySync","record":"pt14-retry","result":"success"}
{"active_generation":true,"failpoint":"AfterSelectorDirectorySync","old_or_new_only":true,"operation":"repository_open","record":"pt14-cold-reopen","stage":"cold_open_after_failpoint/AfterSelectorDirectorySync"}
{"attempts":1,"failures":[],"operation":"migration_retry_after_failpoint/AfterSelectorDirectorySync","record":"pt14-retry","result":"success"}
{"attempts":1,"failures":[],"operation":"cold_open_after_first_retry/AfterSelectorDirectorySync","record":"pt14-retry","result":"success"}
{"attempts":1,"failures":[],"operation":"migration_second_retry/AfterSelectorDirectorySync","record":"pt14-retry","result":"success"}
{"attempts":1,"failures":[],"operation":"final_cold_open/AfterSelectorDirectorySync","record":"pt14-retry","result":"success"}
{"active_generation":true,"failpoint":"AfterSelectorDirectorySync","old_or_new_only":true,"operation":"repository_open","record":"pt14-final-cold-reopen","selector_manifest_identity":"verified","stage":"final_cold_open/AfterSelectorDirectorySync"}
{"code":"FAULT_INJECTED","expected_selector_committed":true,"failpoint":"AfterSelectorDirectorySync","operation":"migration","raw_os_error":null,"record":"pt14-failpoint","stage":"AfterSelectorDirectorySync"}
{"attempts":1,"failures":[],"operation":"cold_open_after_failpoint/AfterSelectorDirectorySync","record":"pt14-retry","result":"success"}
{"active_generation":true,"failpoint":"AfterSelectorDirectorySync","old_or_new_only":true,"operation":"repository_open","record":"pt14-cold-reopen","stage":"cold_open_after_failpoint/AfterSelectorDirectorySync"}
{"attempts":1,"failures":[],"operation":"migration_retry_after_failpoint/AfterSelectorDirectorySync","record":"pt14-retry","result":"success"}
{"attempts":1,"failures":[],"operation":"cold_open_after_first_retry/AfterSelectorDirectorySync","record":"pt14-retry","result":"success"}
{"attempts":1,"failures":[],"operation":"migration_second_retry/AfterSelectorDirectorySync","record":"pt14-retry","result":"success"}
{"attempts":1,"failures":[],"operation":"final_cold_open/AfterSelectorDirectorySync","record":"pt14-retry","result":"success"}
{"active_generation":true,"failpoint":"AfterSelectorDirectorySync","old_or_new_only":true,"operation":"repository_open","record":"pt14-final-cold-reopen","selector_manifest_identity":"verified","stage":"final_cold_open/AfterSelectorDirectorySync"}
{"code":"FAULT_INJECTED","expected_selector_committed":true,"failpoint":"AfterSelectorDirectorySync","operation":"migration","raw_os_error":null,"record":"pt14-failpoint","stage":"AfterSelectorDirectorySync"}
{"attempts":1,"failures":[],"operation":"cold_open_after_failpoint/AfterSelectorDirectorySync","record":"pt14-retry","result":"success"}
{"active_generation":true,"failpoint":"AfterSelectorDirectorySync","old_or_new_only":true,"operation":"repository_open","record":"pt14-cold-reopen","stage":"cold_open_after_failpoint/AfterSelectorDirectorySync"}
{"attempts":1,"failures":[],"operation":"migration_retry_after_failpoint/AfterSelectorDirectorySync","record":"pt14-retry","result":"success"}
{"attempts":1,"failures":[],"operation":"cold_open_after_first_retry/AfterSelectorDirectorySync","record":"pt14-retry","result":"success"}
{"attempts":1,"failures":[],"operation":"migration_second_retry/AfterSelectorDirectorySync","record":"pt14-retry","result":"success"}
{"attempts":1,"failures":[],"operation":"final_cold_open/AfterSelectorDirectorySync","record":"pt14-retry","result":"success"}
{"active_generation":true,"failpoint":"AfterSelectorDirectorySync","old_or_new_only":true,"operation":"repository_open","record":"pt14-final-cold-reopen","selector_manifest_identity":"verified","stage":"final_cold_open/AfterSelectorDirectorySync"}
{"code":"FAULT_INJECTED","expected_selector_committed":true,"failpoint":"AfterSelectorDirectorySync","operation":"migration","raw_os_error":null,"record":"pt14-failpoint","stage":"AfterSelectorDirectorySync"}
{"attempts":1,"failures":[],"operation":"cold_open_after_failpoint/AfterSelectorDirectorySync","record":"pt14-retry","result":"success"}
{"active_generation":true,"failpoint":"AfterSelectorDirectorySync","old_or_new_only":true,"operation":"repository_open","record":"pt14-cold-reopen","stage":"cold_open_after_failpoint/AfterSelectorDirectorySync"}
{"attempts":1,"failures":[],"operation":"migration_retry_after_failpoint/AfterSelectorDirectorySync","record":"pt14-retry","result":"success"}
{"attempts":1,"failures":[],"operation":"cold_open_after_first_retry/AfterSelectorDirectorySync","record":"pt14-retry","result":"success"}
{"attempts":1,"failures":[],"operation":"migration_second_retry/AfterSelectorDirectorySync","record":"pt14-retry","result":"success"}
{"attempts":1,"failures":[],"operation":"final_cold_open/AfterSelectorDirectorySync","record":"pt14-retry","result":"success"}
{"active_generation":true,"failpoint":"AfterSelectorDirectorySync","old_or_new_only":true,"operation":"repository_open","record":"pt14-final-cold-reopen","selector_manifest_identity":"verified","stage":"final_cold_open/AfterSelectorDirectorySync"}
{"code":"FAULT_INJECTED","expected_selector_committed":true,"failpoint":"AfterJournalFinalize","operation":"migration","raw_os_error":null,"record":"pt14-failpoint","stage":"AfterJournalFinalize"}
{"attempts":1,"failures":[],"operation":"cold_open_after_failpoint/AfterJournalFinalize","record":"pt14-retry","result":"success"}
{"active_generation":true,"failpoint":"AfterJournalFinalize","old_or_new_only":true,"operation":"repository_open","record":"pt14-cold-reopen","stage":"cold_open_after_failpoint/AfterJournalFinalize"}
{"attempts":1,"failures":[],"operation":"migration_retry_after_failpoint/AfterJournalFinalize","record":"pt14-retry","result":"success"}
{"attempts":1,"failures":[],"operation":"cold_open_after_first_retry/AfterJournalFinalize","record":"pt14-retry","result":"success"}
{"attempts":1,"failures":[],"operation":"migration_second_retry/AfterJournalFinalize","record":"pt14-retry","result":"success"}
{"attempts":1,"failures":[],"operation":"final_cold_open/AfterJournalFinalize","record":"pt14-retry","result":"success"}
{"active_generation":true,"failpoint":"AfterJournalFinalize","old_or_new_only":true,"operation":"repository_open","record":"pt14-final-cold-reopen","selector_manifest_identity":"verified","stage":"final_cold_open/AfterJournalFinalize"}
{"code":"FAULT_INJECTED","expected_selector_committed":true,"failpoint":"AfterJournalFinalize","operation":"migration","raw_os_error":null,"record":"pt14-failpoint","stage":"AfterJournalFinalize"}
{"attempts":1,"failures":[],"operation":"cold_open_after_failpoint/AfterJournalFinalize","record":"pt14-retry","result":"success"}
{"active_generation":true,"failpoint":"AfterJournalFinalize","old_or_new_only":true,"operation":"repository_open","record":"pt14-cold-reopen","stage":"cold_open_after_failpoint/AfterJournalFinalize"}
{"attempts":1,"failures":[],"operation":"migration_retry_after_failpoint/AfterJournalFinalize","record":"pt14-retry","result":"success"}
{"attempts":1,"failures":[],"operation":"cold_open_after_first_retry/AfterJournalFinalize","record":"pt14-retry","result":"success"}
{"attempts":1,"failures":[],"operation":"migration_second_retry/AfterJournalFinalize","record":"pt14-retry","result":"success"}
{"attempts":1,"failures":[],"operation":"final_cold_open/AfterJournalFinalize","record":"pt14-retry","result":"success"}
{"active_generation":true,"failpoint":"AfterJournalFinalize","old_or_new_only":true,"operation":"repository_open","record":"pt14-final-cold-reopen","selector_manifest_identity":"verified","stage":"final_cold_open/AfterJournalFinalize"}
{"code":"FAULT_INJECTED","expected_selector_committed":true,"failpoint":"AfterJournalFinalize","operation":"migration","raw_os_error":null,"record":"pt14-failpoint","stage":"AfterJournalFinalize"}
{"attempts":1,"failures":[],"operation":"cold_open_after_failpoint/AfterJournalFinalize","record":"pt14-retry","result":"success"}
{"active_generation":true,"failpoint":"AfterJournalFinalize","old_or_new_only":true,"operation":"repository_open","record":"pt14-cold-reopen","stage":"cold_open_after_failpoint/AfterJournalFinalize"}
{"attempts":1,"failures":[],"operation":"migration_retry_after_failpoint/AfterJournalFinalize","record":"pt14-retry","result":"success"}
{"attempts":1,"failures":[],"operation":"cold_open_after_first_retry/AfterJournalFinalize","record":"pt14-retry","result":"success"}
{"attempts":1,"failures":[],"operation":"migration_second_retry/AfterJournalFinalize","record":"pt14-retry","result":"success"}
{"attempts":1,"failures":[],"operation":"final_cold_open/AfterJournalFinalize","record":"pt14-retry","result":"success"}
{"active_generation":true,"failpoint":"AfterJournalFinalize","old_or_new_only":true,"operation":"repository_open","record":"pt14-final-cold-reopen","selector_manifest_identity":"verified","stage":"final_cold_open/AfterJournalFinalize"}
{"code":"FAULT_INJECTED","expected_selector_committed":true,"failpoint":"AfterJournalFinalize","operation":"migration","raw_os_error":null,"record":"pt14-failpoint","stage":"AfterJournalFinalize"}
{"attempts":1,"failures":[],"operation":"cold_open_after_failpoint/AfterJournalFinalize","record":"pt14-retry","result":"success"}
{"active_generation":true,"failpoint":"AfterJournalFinalize","old_or_new_only":true,"operation":"repository_open","record":"pt14-cold-reopen","stage":"cold_open_after_failpoint/AfterJournalFinalize"}
{"attempts":1,"failures":[],"operation":"migration_retry_after_failpoint/AfterJournalFinalize","record":"pt14-retry","result":"success"}
{"attempts":1,"failures":[],"operation":"cold_open_after_first_retry/AfterJournalFinalize","record":"pt14-retry","result":"success"}
{"attempts":1,"failures":[],"operation":"migration_second_retry/AfterJournalFinalize","record":"pt14-retry","result":"success"}
{"attempts":1,"failures":[],"operation":"final_cold_open/AfterJournalFinalize","record":"pt14-retry","result":"success"}
{"active_generation":true,"failpoint":"AfterJournalFinalize","old_or_new_only":true,"operation":"repository_open","record":"pt14-final-cold-reopen","selector_manifest_identity":"verified","stage":"final_cold_open/AfterJournalFinalize"}
{"code":"FAULT_INJECTED","expected_selector_committed":true,"failpoint":"AfterJournalFinalize","operation":"migration","raw_os_error":null,"record":"pt14-failpoint","stage":"AfterJournalFinalize"}
{"attempts":1,"failures":[],"operation":"cold_open_after_failpoint/AfterJournalFinalize","record":"pt14-retry","result":"success"}
{"active_generation":true,"failpoint":"AfterJournalFinalize","old_or_new_only":true,"operation":"repository_open","record":"pt14-cold-reopen","stage":"cold_open_after_failpoint/AfterJournalFinalize"}
{"attempts":1,"failures":[],"operation":"migration_retry_after_failpoint/AfterJournalFinalize","record":"pt14-retry","result":"success"}
{"attempts":1,"failures":[],"operation":"cold_open_after_first_retry/AfterJournalFinalize","record":"pt14-retry","result":"success"}
{"attempts":1,"failures":[],"operation":"migration_second_retry/AfterJournalFinalize","record":"pt14-retry","result":"success"}
{"attempts":1,"failures":[],"operation":"final_cold_open/AfterJournalFinalize","record":"pt14-retry","result":"success"}
{"active_generation":true,"failpoint":"AfterJournalFinalize","old_or_new_only":true,"operation":"repository_open","record":"pt14-final-cold-reopen","selector_manifest_identity":"verified","stage":"final_cold_open/AfterJournalFinalize"}
{"code":"FAULT_INJECTED","expected_selector_committed":true,"failpoint":"AfterJournalFinalize","operation":"migration","raw_os_error":null,"record":"pt14-failpoint","stage":"AfterJournalFinalize"}
{"attempts":1,"failures":[],"operation":"cold_open_after_failpoint/AfterJournalFinalize","record":"pt14-retry","result":"success"}
{"active_generation":true,"failpoint":"AfterJournalFinalize","old_or_new_only":true,"operation":"repository_open","record":"pt14-cold-reopen","stage":"cold_open_after_failpoint/AfterJournalFinalize"}
{"attempts":1,"failures":[],"operation":"migration_retry_after_failpoint/AfterJournalFinalize","record":"pt14-retry","result":"success"}
{"attempts":1,"failures":[],"operation":"cold_open_after_first_retry/AfterJournalFinalize","record":"pt14-retry","result":"success"}
{"attempts":1,"failures":[],"operation":"migration_second_retry/AfterJournalFinalize","record":"pt14-retry","result":"success"}
{"attempts":1,"failures":[],"operation":"final_cold_open/AfterJournalFinalize","record":"pt14-retry","result":"success"}
{"active_generation":true,"failpoint":"AfterJournalFinalize","old_or_new_only":true,"operation":"repository_open","record":"pt14-final-cold-reopen","selector_manifest_identity":"verified","stage":"final_cold_open/AfterJournalFinalize"}
{"code":"FAULT_INJECTED","expected_selector_committed":true,"failpoint":"AfterJournalFinalize","operation":"migration","raw_os_error":null,"record":"pt14-failpoint","stage":"AfterJournalFinalize"}
{"attempts":1,"failures":[],"operation":"cold_open_after_failpoint/AfterJournalFinalize","record":"pt14-retry","result":"success"}
{"active_generation":true,"failpoint":"AfterJournalFinalize","old_or_new_only":true,"operation":"repository_open","record":"pt14-cold-reopen","stage":"cold_open_after_failpoint/AfterJournalFinalize"}
{"attempts":1,"failures":[],"operation":"migration_retry_after_failpoint/AfterJournalFinalize","record":"pt14-retry","result":"success"}
{"attempts":1,"failures":[],"operation":"cold_open_after_first_retry/AfterJournalFinalize","record":"pt14-retry","result":"success"}
{"attempts":1,"failures":[],"operation":"migration_second_retry/AfterJournalFinalize","record":"pt14-retry","result":"success"}
{"attempts":1,"failures":[],"operation":"final_cold_open/AfterJournalFinalize","record":"pt14-retry","result":"success"}
{"active_generation":true,"failpoint":"AfterJournalFinalize","old_or_new_only":true,"operation":"repository_open","record":"pt14-final-cold-reopen","selector_manifest_identity":"verified","stage":"final_cold_open/AfterJournalFinalize"}
{"code":"FAULT_INJECTED","expected_selector_committed":true,"failpoint":"AfterJournalFinalize","operation":"migration","raw_os_error":null,"record":"pt14-failpoint","stage":"AfterJournalFinalize"}
{"attempts":1,"failures":[],"operation":"cold_open_after_failpoint/AfterJournalFinalize","record":"pt14-retry","result":"success"}
{"active_generation":true,"failpoint":"AfterJournalFinalize","old_or_new_only":true,"operation":"repository_open","record":"pt14-cold-reopen","stage":"cold_open_after_failpoint/AfterJournalFinalize"}
{"attempts":1,"failures":[],"operation":"migration_retry_after_failpoint/AfterJournalFinalize","record":"pt14-retry","result":"success"}
{"attempts":1,"failures":[],"operation":"cold_open_after_first_retry/AfterJournalFinalize","record":"pt14-retry","result":"success"}
{"attempts":1,"failures":[],"operation":"migration_second_retry/AfterJournalFinalize","record":"pt14-retry","result":"success"}
{"attempts":1,"failures":[],"operation":"final_cold_open/AfterJournalFinalize","record":"pt14-retry","result":"success"}
{"active_generation":true,"failpoint":"AfterJournalFinalize","old_or_new_only":true,"operation":"repository_open","record":"pt14-final-cold-reopen","selector_manifest_identity":"verified","stage":"final_cold_open/AfterJournalFinalize"}
{"code":"FAULT_INJECTED","expected_selector_committed":true,"failpoint":"AfterJournalFinalize","operation":"migration","raw_os_error":null,"record":"pt14-failpoint","stage":"AfterJournalFinalize"}
{"attempts":1,"failures":[],"operation":"cold_open_after_failpoint/AfterJournalFinalize","record":"pt14-retry","result":"success"}
{"active_generation":true,"failpoint":"AfterJournalFinalize","old_or_new_only":true,"operation":"repository_open","record":"pt14-cold-reopen","stage":"cold_open_after_failpoint/AfterJournalFinalize"}
{"attempts":1,"failures":[],"operation":"migration_retry_after_failpoint/AfterJournalFinalize","record":"pt14-retry","result":"success"}
{"attempts":1,"failures":[],"operation":"cold_open_after_first_retry/AfterJournalFinalize","record":"pt14-retry","result":"success"}
{"attempts":1,"failures":[],"operation":"migration_second_retry/AfterJournalFinalize","record":"pt14-retry","result":"success"}
{"attempts":1,"failures":[],"operation":"final_cold_open/AfterJournalFinalize","record":"pt14-retry","result":"success"}
{"active_generation":true,"failpoint":"AfterJournalFinalize","old_or_new_only":true,"operation":"repository_open","record":"pt14-final-cold-reopen","selector_manifest_identity":"verified","stage":"final_cold_open/AfterJournalFinalize"}
{"code":"FAULT_INJECTED","expected_selector_committed":true,"failpoint":"AfterJournalFinalize","operation":"migration","raw_os_error":null,"record":"pt14-failpoint","stage":"AfterJournalFinalize"}
{"attempts":1,"failures":[],"operation":"cold_open_after_failpoint/AfterJournalFinalize","record":"pt14-retry","result":"success"}
{"active_generation":true,"failpoint":"AfterJournalFinalize","old_or_new_only":true,"operation":"repository_open","record":"pt14-cold-reopen","stage":"cold_open_after_failpoint/AfterJournalFinalize"}
{"attempts":1,"failures":[],"operation":"migration_retry_after_failpoint/AfterJournalFinalize","record":"pt14-retry","result":"success"}
{"attempts":1,"failures":[],"operation":"cold_open_after_first_retry/AfterJournalFinalize","record":"pt14-retry","result":"success"}
{"attempts":1,"failures":[],"operation":"migration_second_retry/AfterJournalFinalize","record":"pt14-retry","result":"success"}
{"attempts":1,"failures":[],"operation":"final_cold_open/AfterJournalFinalize","record":"pt14-retry","result":"success"}
{"active_generation":true,"failpoint":"AfterJournalFinalize","old_or_new_only":true,"operation":"repository_open","record":"pt14-final-cold-reopen","selector_manifest_identity":"verified","stage":"final_cold_open/AfterJournalFinalize"}
{"code":"FAULT_INJECTED","expected_selector_committed":true,"failpoint":"AfterJournalFinalize","operation":"migration","raw_os_error":null,"record":"pt14-failpoint","stage":"AfterJournalFinalize"}
{"attempts":1,"failures":[],"operation":"cold_open_after_failpoint/AfterJournalFinalize","record":"pt14-retry","result":"success"}
{"active_generation":true,"failpoint":"AfterJournalFinalize","old_or_new_only":true,"operation":"repository_open","record":"pt14-cold-reopen","stage":"cold_open_after_failpoint/AfterJournalFinalize"}
{"attempts":1,"failures":[],"operation":"migration_retry_after_failpoint/AfterJournalFinalize","record":"pt14-retry","result":"success"}
{"attempts":1,"failures":[],"operation":"cold_open_after_first_retry/AfterJournalFinalize","record":"pt14-retry","result":"success"}
{"attempts":1,"failures":[],"operation":"migration_second_retry/AfterJournalFinalize","record":"pt14-retry","result":"success"}
{"attempts":1,"failures":[],"operation":"final_cold_open/AfterJournalFinalize","record":"pt14-retry","result":"success"}
{"active_generation":true,"failpoint":"AfterJournalFinalize","old_or_new_only":true,"operation":"repository_open","record":"pt14-final-cold-reopen","selector_manifest_identity":"verified","stage":"final_cold_open/AfterJournalFinalize"}
{"code":"FAULT_INJECTED","expected_selector_committed":true,"failpoint":"AfterJournalFinalize","operation":"migration","raw_os_error":null,"record":"pt14-failpoint","stage":"AfterJournalFinalize"}
{"attempts":1,"failures":[],"operation":"cold_open_after_failpoint/AfterJournalFinalize","record":"pt14-retry","result":"success"}
{"active_generation":true,"failpoint":"AfterJournalFinalize","old_or_new_only":true,"operation":"repository_open","record":"pt14-cold-reopen","stage":"cold_open_after_failpoint/AfterJournalFinalize"}
{"attempts":1,"failures":[],"operation":"migration_retry_after_failpoint/AfterJournalFinalize","record":"pt14-retry","result":"success"}
{"attempts":1,"failures":[],"operation":"cold_open_after_first_retry/AfterJournalFinalize","record":"pt14-retry","result":"success"}
{"attempts":1,"failures":[],"operation":"migration_second_retry/AfterJournalFinalize","record":"pt14-retry","result":"success"}
{"attempts":1,"failures":[],"operation":"final_cold_open/AfterJournalFinalize","record":"pt14-retry","result":"success"}
{"active_generation":true,"failpoint":"AfterJournalFinalize","old_or_new_only":true,"operation":"repository_open","record":"pt14-final-cold-reopen","selector_manifest_identity":"verified","stage":"final_cold_open/AfterJournalFinalize"}
{"code":"FAULT_INJECTED","expected_selector_committed":true,"failpoint":"AfterJournalFinalize","operation":"migration","raw_os_error":null,"record":"pt14-failpoint","stage":"AfterJournalFinalize"}
{"attempts":1,"failures":[],"operation":"cold_open_after_failpoint/AfterJournalFinalize","record":"pt14-retry","result":"success"}
{"active_generation":true,"failpoint":"AfterJournalFinalize","old_or_new_only":true,"operation":"repository_open","record":"pt14-cold-reopen","stage":"cold_open_after_failpoint/AfterJournalFinalize"}
{"attempts":1,"failures":[],"operation":"migration_retry_after_failpoint/AfterJournalFinalize","record":"pt14-retry","result":"success"}
{"attempts":1,"failures":[],"operation":"cold_open_after_first_retry/AfterJournalFinalize","record":"pt14-retry","result":"success"}
{"attempts":1,"failures":[],"operation":"migration_second_retry/AfterJournalFinalize","record":"pt14-retry","result":"success"}
{"attempts":1,"failures":[],"operation":"final_cold_open/AfterJournalFinalize","record":"pt14-retry","result":"success"}
{"active_generation":true,"failpoint":"AfterJournalFinalize","old_or_new_only":true,"operation":"repository_open","record":"pt14-final-cold-reopen","selector_manifest_identity":"verified","stage":"final_cold_open/AfterJournalFinalize"}
{"code":"FAULT_INJECTED","expected_selector_committed":true,"failpoint":"AfterJournalFinalize","operation":"migration","raw_os_error":null,"record":"pt14-failpoint","stage":"AfterJournalFinalize"}
{"attempts":1,"failures":[],"operation":"cold_open_after_failpoint/AfterJournalFinalize","record":"pt14-retry","result":"success"}
{"active_generation":true,"failpoint":"AfterJournalFinalize","old_or_new_only":true,"operation":"repository_open","record":"pt14-cold-reopen","stage":"cold_open_after_failpoint/AfterJournalFinalize"}
{"attempts":1,"failures":[],"operation":"migration_retry_after_failpoint/AfterJournalFinalize","record":"pt14-retry","result":"success"}
{"attempts":1,"failures":[],"operation":"cold_open_after_first_retry/AfterJournalFinalize","record":"pt14-retry","result":"success"}
{"attempts":1,"failures":[],"operation":"migration_second_retry/AfterJournalFinalize","record":"pt14-retry","result":"success"}
{"attempts":1,"failures":[],"operation":"final_cold_open/AfterJournalFinalize","record":"pt14-retry","result":"success"}
{"active_generation":true,"failpoint":"AfterJournalFinalize","old_or_new_only":true,"operation":"repository_open","record":"pt14-final-cold-reopen","selector_manifest_identity":"verified","stage":"final_cold_open/AfterJournalFinalize"}
{"code":"FAULT_INJECTED","expected_selector_committed":true,"failpoint":"AfterJournalFinalize","operation":"migration","raw_os_error":null,"record":"pt14-failpoint","stage":"AfterJournalFinalize"}
{"attempts":1,"failures":[],"operation":"cold_open_after_failpoint/AfterJournalFinalize","record":"pt14-retry","result":"success"}
{"active_generation":true,"failpoint":"AfterJournalFinalize","old_or_new_only":true,"operation":"repository_open","record":"pt14-cold-reopen","stage":"cold_open_after_failpoint/AfterJournalFinalize"}
{"attempts":1,"failures":[],"operation":"migration_retry_after_failpoint/AfterJournalFinalize","record":"pt14-retry","result":"success"}
{"attempts":1,"failures":[],"operation":"cold_open_after_first_retry/AfterJournalFinalize","record":"pt14-retry","result":"success"}
{"attempts":1,"failures":[],"operation":"migration_second_retry/AfterJournalFinalize","record":"pt14-retry","result":"success"}
{"attempts":1,"failures":[],"operation":"final_cold_open/AfterJournalFinalize","record":"pt14-retry","result":"success"}
{"active_generation":true,"failpoint":"AfterJournalFinalize","old_or_new_only":true,"operation":"repository_open","record":"pt14-final-cold-reopen","selector_manifest_identity":"verified","stage":"final_cold_open/AfterJournalFinalize"}
{"code":"FAULT_INJECTED","expected_selector_committed":true,"failpoint":"AfterJournalFinalize","operation":"migration","raw_os_error":null,"record":"pt14-failpoint","stage":"AfterJournalFinalize"}
{"attempts":1,"failures":[],"operation":"cold_open_after_failpoint/AfterJournalFinalize","record":"pt14-retry","result":"success"}
{"active_generation":true,"failpoint":"AfterJournalFinalize","old_or_new_only":true,"operation":"repository_open","record":"pt14-cold-reopen","stage":"cold_open_after_failpoint/AfterJournalFinalize"}
{"attempts":1,"failures":[],"operation":"migration_retry_after_failpoint/AfterJournalFinalize","record":"pt14-retry","result":"success"}
{"attempts":1,"failures":[],"operation":"cold_open_after_first_retry/AfterJournalFinalize","record":"pt14-retry","result":"success"}
{"attempts":1,"failures":[],"operation":"migration_second_retry/AfterJournalFinalize","record":"pt14-retry","result":"success"}
{"attempts":1,"failures":[],"operation":"final_cold_open/AfterJournalFinalize","record":"pt14-retry","result":"success"}
{"active_generation":true,"failpoint":"AfterJournalFinalize","old_or_new_only":true,"operation":"repository_open","record":"pt14-final-cold-reopen","selector_manifest_identity":"verified","stage":"final_cold_open/AfterJournalFinalize"}
{"code":"FAULT_INJECTED","expected_selector_committed":true,"failpoint":"AfterJournalFinalize","operation":"migration","raw_os_error":null,"record":"pt14-failpoint","stage":"AfterJournalFinalize"}
{"attempts":1,"failures":[],"operation":"cold_open_after_failpoint/AfterJournalFinalize","record":"pt14-retry","result":"success"}
{"active_generation":true,"failpoint":"AfterJournalFinalize","old_or_new_only":true,"operation":"repository_open","record":"pt14-cold-reopen","stage":"cold_open_after_failpoint/AfterJournalFinalize"}
{"attempts":1,"failures":[],"operation":"migration_retry_after_failpoint/AfterJournalFinalize","record":"pt14-retry","result":"success"}
{"attempts":1,"failures":[],"operation":"cold_open_after_first_retry/AfterJournalFinalize","record":"pt14-retry","result":"success"}
{"attempts":1,"failures":[],"operation":"migration_second_retry/AfterJournalFinalize","record":"pt14-retry","result":"success"}
{"attempts":1,"failures":[],"operation":"final_cold_open/AfterJournalFinalize","record":"pt14-retry","result":"success"}
{"active_generation":true,"failpoint":"AfterJournalFinalize","old_or_new_only":true,"operation":"repository_open","record":"pt14-final-cold-reopen","selector_manifest_identity":"verified","stage":"final_cold_open/AfterJournalFinalize"}
{"code":"FAULT_INJECTED","expected_selector_committed":true,"failpoint":"AfterJournalFinalize","operation":"migration","raw_os_error":null,"record":"pt14-failpoint","stage":"AfterJournalFinalize"}
{"attempts":1,"failures":[],"operation":"cold_open_after_failpoint/AfterJournalFinalize","record":"pt14-retry","result":"success"}
{"active_generation":true,"failpoint":"AfterJournalFinalize","old_or_new_only":true,"operation":"repository_open","record":"pt14-cold-reopen","stage":"cold_open_after_failpoint/AfterJournalFinalize"}
{"attempts":1,"failures":[],"operation":"migration_retry_after_failpoint/AfterJournalFinalize","record":"pt14-retry","result":"success"}
{"attempts":1,"failures":[],"operation":"cold_open_after_first_retry/AfterJournalFinalize","record":"pt14-retry","result":"success"}
{"attempts":1,"failures":[],"operation":"migration_second_retry/AfterJournalFinalize","record":"pt14-retry","result":"success"}
{"attempts":1,"failures":[],"operation":"final_cold_open/AfterJournalFinalize","record":"pt14-retry","result":"success"}
{"active_generation":true,"failpoint":"AfterJournalFinalize","old_or_new_only":true,"operation":"repository_open","record":"pt14-final-cold-reopen","selector_manifest_identity":"verified","stage":"final_cold_open/AfterJournalFinalize"}
{"code":"FAULT_INJECTED","expected_selector_committed":true,"failpoint":"AfterJournalFinalize","operation":"migration","raw_os_error":null,"record":"pt14-failpoint","stage":"AfterJournalFinalize"}
{"attempts":1,"failures":[],"operation":"cold_open_after_failpoint/AfterJournalFinalize","record":"pt14-retry","result":"success"}
{"active_generation":true,"failpoint":"AfterJournalFinalize","old_or_new_only":true,"operation":"repository_open","record":"pt14-cold-reopen","stage":"cold_open_after_failpoint/AfterJournalFinalize"}
{"attempts":1,"failures":[],"operation":"migration_retry_after_failpoint/AfterJournalFinalize","record":"pt14-retry","result":"success"}
{"attempts":1,"failures":[],"operation":"cold_open_after_first_retry/AfterJournalFinalize","record":"pt14-retry","result":"success"}
{"attempts":1,"failures":[],"operation":"migration_second_retry/AfterJournalFinalize","record":"pt14-retry","result":"success"}
{"attempts":1,"failures":[],"operation":"final_cold_open/AfterJournalFinalize","record":"pt14-retry","result":"success"}
{"active_generation":true,"failpoint":"AfterJournalFinalize","old_or_new_only":true,"operation":"repository_open","record":"pt14-final-cold-reopen","selector_manifest_identity":"verified","stage":"final_cold_open/AfterJournalFinalize"}
{"code":"FAULT_INJECTED","expected_selector_committed":true,"failpoint":"AfterJournalFinalize","operation":"migration","raw_os_error":null,"record":"pt14-failpoint","stage":"AfterJournalFinalize"}
{"attempts":1,"failures":[],"operation":"cold_open_after_failpoint/AfterJournalFinalize","record":"pt14-retry","result":"success"}
{"active_generation":true,"failpoint":"AfterJournalFinalize","old_or_new_only":true,"operation":"repository_open","record":"pt14-cold-reopen","stage":"cold_open_after_failpoint/AfterJournalFinalize"}
{"attempts":1,"failures":[],"operation":"migration_retry_after_failpoint/AfterJournalFinalize","record":"pt14-retry","result":"success"}
{"attempts":1,"failures":[],"operation":"cold_open_after_first_retry/AfterJournalFinalize","record":"pt14-retry","result":"success"}
{"attempts":1,"failures":[],"operation":"migration_second_retry/AfterJournalFinalize","record":"pt14-retry","result":"success"}
{"attempts":1,"failures":[],"operation":"final_cold_open/AfterJournalFinalize","record":"pt14-retry","result":"success"}
{"active_generation":true,"failpoint":"AfterJournalFinalize","old_or_new_only":true,"operation":"repository_open","record":"pt14-final-cold-reopen","selector_manifest_identity":"verified","stage":"final_cold_open/AfterJournalFinalize"}
{"code":"FAULT_INJECTED","expected_selector_committed":true,"failpoint":"AfterJournalFinalize","operation":"migration","raw_os_error":null,"record":"pt14-failpoint","stage":"AfterJournalFinalize"}
{"attempts":1,"failures":[],"operation":"cold_open_after_failpoint/AfterJournalFinalize","record":"pt14-retry","result":"success"}
{"active_generation":true,"failpoint":"AfterJournalFinalize","old_or_new_only":true,"operation":"repository_open","record":"pt14-cold-reopen","stage":"cold_open_after_failpoint/AfterJournalFinalize"}
{"attempts":1,"failures":[],"operation":"migration_retry_after_failpoint/AfterJournalFinalize","record":"pt14-retry","result":"success"}
{"attempts":1,"failures":[],"operation":"cold_open_after_first_retry/AfterJournalFinalize","record":"pt14-retry","result":"success"}
{"attempts":1,"failures":[],"operation":"migration_second_retry/AfterJournalFinalize","record":"pt14-retry","result":"success"}
{"attempts":1,"failures":[],"operation":"final_cold_open/AfterJournalFinalize","record":"pt14-retry","result":"success"}
{"active_generation":true,"failpoint":"AfterJournalFinalize","old_or_new_only":true,"operation":"repository_open","record":"pt14-final-cold-reopen","selector_manifest_identity":"verified","stage":"final_cold_open/AfterJournalFinalize"}
{"code":"FAULT_INJECTED","expected_selector_committed":true,"failpoint":"AfterJournalFinalize","operation":"migration","raw_os_error":null,"record":"pt14-failpoint","stage":"AfterJournalFinalize"}
{"attempts":1,"failures":[],"operation":"cold_open_after_failpoint/AfterJournalFinalize","record":"pt14-retry","result":"success"}
{"active_generation":true,"failpoint":"AfterJournalFinalize","old_or_new_only":true,"operation":"repository_open","record":"pt14-cold-reopen","stage":"cold_open_after_failpoint/AfterJournalFinalize"}
{"attempts":1,"failures":[],"operation":"migration_retry_after_failpoint/AfterJournalFinalize","record":"pt14-retry","result":"success"}
{"attempts":1,"failures":[],"operation":"cold_open_after_first_retry/AfterJournalFinalize","record":"pt14-retry","result":"success"}
{"attempts":1,"failures":[],"operation":"migration_second_retry/AfterJournalFinalize","record":"pt14-retry","result":"success"}
{"attempts":1,"failures":[],"operation":"final_cold_open/AfterJournalFinalize","record":"pt14-retry","result":"success"}
{"active_generation":true,"failpoint":"AfterJournalFinalize","old_or_new_only":true,"operation":"repository_open","record":"pt14-final-cold-reopen","selector_manifest_identity":"verified","stage":"final_cold_open/AfterJournalFinalize"}
{"code":"FAULT_INJECTED","expected_selector_committed":true,"failpoint":"AfterJournalFinalize","operation":"migration","raw_os_error":null,"record":"pt14-failpoint","stage":"AfterJournalFinalize"}
{"attempts":1,"failures":[],"operation":"cold_open_after_failpoint/AfterJournalFinalize","record":"pt14-retry","result":"success"}
{"active_generation":true,"failpoint":"AfterJournalFinalize","old_or_new_only":true,"operation":"repository_open","record":"pt14-cold-reopen","stage":"cold_open_after_failpoint/AfterJournalFinalize"}
{"attempts":1,"failures":[],"operation":"migration_retry_after_failpoint/AfterJournalFinalize","record":"pt14-retry","result":"success"}
{"attempts":1,"failures":[],"operation":"cold_open_after_first_retry/AfterJournalFinalize","record":"pt14-retry","result":"success"}
{"attempts":1,"failures":[],"operation":"migration_second_retry/AfterJournalFinalize","record":"pt14-retry","result":"success"}
{"attempts":1,"failures":[],"operation":"final_cold_open/AfterJournalFinalize","record":"pt14-retry","result":"success"}
{"active_generation":true,"failpoint":"AfterJournalFinalize","old_or_new_only":true,"operation":"repository_open","record":"pt14-final-cold-reopen","selector_manifest_identity":"verified","stage":"final_cold_open/AfterJournalFinalize"}
{"code":"FAULT_INJECTED","expected_selector_committed":true,"failpoint":"AfterJournalFinalize","operation":"migration","raw_os_error":null,"record":"pt14-failpoint","stage":"AfterJournalFinalize"}
{"attempts":1,"failures":[],"operation":"cold_open_after_failpoint/AfterJournalFinalize","record":"pt14-retry","result":"success"}
{"active_generation":true,"failpoint":"AfterJournalFinalize","old_or_new_only":true,"operation":"repository_open","record":"pt14-cold-reopen","stage":"cold_open_after_failpoint/AfterJournalFinalize"}
{"attempts":1,"failures":[],"operation":"migration_retry_after_failpoint/AfterJournalFinalize","record":"pt14-retry","result":"success"}
{"attempts":1,"failures":[],"operation":"cold_open_after_first_retry/AfterJournalFinalize","record":"pt14-retry","result":"success"}
{"attempts":1,"failures":[],"operation":"migration_second_retry/AfterJournalFinalize","record":"pt14-retry","result":"success"}
{"attempts":1,"failures":[],"operation":"final_cold_open/AfterJournalFinalize","record":"pt14-retry","result":"success"}
{"active_generation":true,"failpoint":"AfterJournalFinalize","old_or_new_only":true,"operation":"repository_open","record":"pt14-final-cold-reopen","selector_manifest_identity":"verified","stage":"final_cold_open/AfterJournalFinalize"}
{"code":"FAULT_INJECTED","expected_selector_committed":true,"failpoint":"AfterJournalFinalize","operation":"migration","raw_os_error":null,"record":"pt14-failpoint","stage":"AfterJournalFinalize"}
{"attempts":1,"failures":[],"operation":"cold_open_after_failpoint/AfterJournalFinalize","record":"pt14-retry","result":"success"}
{"active_generation":true,"failpoint":"AfterJournalFinalize","old_or_new_only":true,"operation":"repository_open","record":"pt14-cold-reopen","stage":"cold_open_after_failpoint/AfterJournalFinalize"}
{"attempts":1,"failures":[],"operation":"migration_retry_after_failpoint/AfterJournalFinalize","record":"pt14-retry","result":"success"}
{"attempts":1,"failures":[],"operation":"cold_open_after_first_retry/AfterJournalFinalize","record":"pt14-retry","result":"success"}
{"attempts":1,"failures":[],"operation":"migration_second_retry/AfterJournalFinalize","record":"pt14-retry","result":"success"}
{"attempts":1,"failures":[],"operation":"final_cold_open/AfterJournalFinalize","record":"pt14-retry","result":"success"}
{"active_generation":true,"failpoint":"AfterJournalFinalize","old_or_new_only":true,"operation":"repository_open","record":"pt14-final-cold-reopen","selector_manifest_identity":"verified","stage":"final_cold_open/AfterJournalFinalize"}
{"code":"FAULT_INJECTED","expected_selector_committed":true,"failpoint":"AfterJournalFinalize","operation":"migration","raw_os_error":null,"record":"pt14-failpoint","stage":"AfterJournalFinalize"}
{"attempts":1,"failures":[],"operation":"cold_open_after_failpoint/AfterJournalFinalize","record":"pt14-retry","result":"success"}
{"active_generation":true,"failpoint":"AfterJournalFinalize","old_or_new_only":true,"operation":"repository_open","record":"pt14-cold-reopen","stage":"cold_open_after_failpoint/AfterJournalFinalize"}
{"attempts":1,"failures":[],"operation":"migration_retry_after_failpoint/AfterJournalFinalize","record":"pt14-retry","result":"success"}
{"attempts":1,"failures":[],"operation":"cold_open_after_first_retry/AfterJournalFinalize","record":"pt14-retry","result":"success"}
{"attempts":1,"failures":[],"operation":"migration_second_retry/AfterJournalFinalize","record":"pt14-retry","result":"success"}
{"attempts":1,"failures":[],"operation":"final_cold_open/AfterJournalFinalize","record":"pt14-retry","result":"success"}
{"active_generation":true,"failpoint":"AfterJournalFinalize","old_or_new_only":true,"operation":"repository_open","record":"pt14-final-cold-reopen","selector_manifest_identity":"verified","stage":"final_cold_open/AfterJournalFinalize"}
{"code":"FAULT_INJECTED","expected_selector_committed":true,"failpoint":"AfterJournalFinalize","operation":"migration","raw_os_error":null,"record":"pt14-failpoint","stage":"AfterJournalFinalize"}
{"attempts":1,"failures":[],"operation":"cold_open_after_failpoint/AfterJournalFinalize","record":"pt14-retry","result":"success"}
{"active_generation":true,"failpoint":"AfterJournalFinalize","old_or_new_only":true,"operation":"repository_open","record":"pt14-cold-reopen","stage":"cold_open_after_failpoint/AfterJournalFinalize"}
{"attempts":1,"failures":[],"operation":"migration_retry_after_failpoint/AfterJournalFinalize","record":"pt14-retry","result":"success"}
{"attempts":1,"failures":[],"operation":"cold_open_after_first_retry/AfterJournalFinalize","record":"pt14-retry","result":"success"}
{"attempts":1,"failures":[],"operation":"migration_second_retry/AfterJournalFinalize","record":"pt14-retry","result":"success"}
{"attempts":1,"failures":[],"operation":"final_cold_open/AfterJournalFinalize","record":"pt14-retry","result":"success"}
{"active_generation":true,"failpoint":"AfterJournalFinalize","old_or_new_only":true,"operation":"repository_open","record":"pt14-final-cold-reopen","selector_manifest_identity":"verified","stage":"final_cold_open/AfterJournalFinalize"}
{"code":"FAULT_INJECTED","expected_selector_committed":true,"failpoint":"AfterJournalFinalize","operation":"migration","raw_os_error":null,"record":"pt14-failpoint","stage":"AfterJournalFinalize"}
{"attempts":1,"failures":[],"operation":"cold_open_after_failpoint/AfterJournalFinalize","record":"pt14-retry","result":"success"}
{"active_generation":true,"failpoint":"AfterJournalFinalize","old_or_new_only":true,"operation":"repository_open","record":"pt14-cold-reopen","stage":"cold_open_after_failpoint/AfterJournalFinalize"}
{"attempts":1,"failures":[],"operation":"migration_retry_after_failpoint/AfterJournalFinalize","record":"pt14-retry","result":"success"}
{"attempts":1,"failures":[],"operation":"cold_open_after_first_retry/AfterJournalFinalize","record":"pt14-retry","result":"success"}
{"attempts":1,"failures":[],"operation":"migration_second_retry/AfterJournalFinalize","record":"pt14-retry","result":"success"}
{"attempts":1,"failures":[],"operation":"final_cold_open/AfterJournalFinalize","record":"pt14-retry","result":"success"}
{"active_generation":true,"failpoint":"AfterJournalFinalize","old_or_new_only":true,"operation":"repository_open","record":"pt14-final-cold-reopen","selector_manifest_identity":"verified","stage":"final_cold_open/AfterJournalFinalize"}
{"code":"FAULT_INJECTED","expected_selector_committed":true,"failpoint":"AfterJournalFinalize","operation":"migration","raw_os_error":null,"record":"pt14-failpoint","stage":"AfterJournalFinalize"}
{"attempts":1,"failures":[],"operation":"cold_open_after_failpoint/AfterJournalFinalize","record":"pt14-retry","result":"success"}
{"active_generation":true,"failpoint":"AfterJournalFinalize","old_or_new_only":true,"operation":"repository_open","record":"pt14-cold-reopen","stage":"cold_open_after_failpoint/AfterJournalFinalize"}
{"attempts":1,"failures":[],"operation":"migration_retry_after_failpoint/AfterJournalFinalize","record":"pt14-retry","result":"success"}
{"attempts":1,"failures":[],"operation":"cold_open_after_first_retry/AfterJournalFinalize","record":"pt14-retry","result":"success"}
{"attempts":1,"failures":[],"operation":"migration_second_retry/AfterJournalFinalize","record":"pt14-retry","result":"success"}
{"attempts":1,"failures":[],"operation":"final_cold_open/AfterJournalFinalize","record":"pt14-retry","result":"success"}
{"active_generation":true,"failpoint":"AfterJournalFinalize","old_or_new_only":true,"operation":"repository_open","record":"pt14-final-cold-reopen","selector_manifest_identity":"verified","stage":"final_cold_open/AfterJournalFinalize"}
{"code":"FAULT_INJECTED","expected_selector_committed":true,"failpoint":"AfterJournalFinalize","operation":"migration","raw_os_error":null,"record":"pt14-failpoint","stage":"AfterJournalFinalize"}
{"attempts":1,"failures":[],"operation":"cold_open_after_failpoint/AfterJournalFinalize","record":"pt14-retry","result":"success"}
{"active_generation":true,"failpoint":"AfterJournalFinalize","old_or_new_only":true,"operation":"repository_open","record":"pt14-cold-reopen","stage":"cold_open_after_failpoint/AfterJournalFinalize"}
{"attempts":1,"failures":[],"operation":"migration_retry_after_failpoint/AfterJournalFinalize","record":"pt14-retry","result":"success"}
{"attempts":1,"failures":[],"operation":"cold_open_after_first_retry/AfterJournalFinalize","record":"pt14-retry","result":"success"}
{"attempts":1,"failures":[],"operation":"migration_second_retry/AfterJournalFinalize","record":"pt14-retry","result":"success"}
{"attempts":1,"failures":[],"operation":"final_cold_open/AfterJournalFinalize","record":"pt14-retry","result":"success"}
{"active_generation":true,"failpoint":"AfterJournalFinalize","old_or_new_only":true,"operation":"repository_open","record":"pt14-final-cold-reopen","selector_manifest_identity":"verified","stage":"final_cold_open/AfterJournalFinalize"}
test pt14_migration_failpoints_are_old_or_verified_new_and_retry_idempotently ... ok

test result: ok. 1 passed; 0 failed; 0 ignored; 0 measured; 2 filtered out; finished in 37.78s

